,NAME,city,state,HD,LOW,population,income_per_capita,STUSAB,low warehouse distance,hd warehouse distance,Northeast_x,Midwest_x,South_x,West_x
0,"Aberdeen, SD Micro Area",Aberdeen,46,0,0,28124,29901,SD,703.0636781,426.9197842,0,1,0,0
1,"Aberdeen, WA Micro Area",Aberdeen,53,1,0,16359,21544,WA,1566.68138,76.90979756,0,0,0,1
2,"Abilene, TX Metro Area",Abilene,48,1,2,123676,23756,TX,431.5530576,513.1212924,0,0,1,0
3,"Ada, OK Micro Area",Ada,40,0,0,17276,22921,OK,221.7396276,165.4049464,0,0,1,0
4,"Adrian, MI Micro Area",Adrian,26,0,1,20640,19884,MI,100.4267693,85.06625973,0,1,0,0
5,"Akron, OH Metro Area",Akron,39,1,2,198314,23430,OH,179.2554034,188.7426461,0,1,0,0
6,"Alamogordo, NM Micro Area",Alamogordo,35,1,1,31230,24620,NM,919.3538146,478.611425,0,0,0,1
7,"Albany, GA Metro Area",Albany,13,1,1,74631,19579,GA,306.454636,126.6758563,0,0,1,0
8,"Albany, OR Metro Area",Albany,41,1,1,52736,28196,OR,1306.647001,103.9294374,0,0,0,1
9,"Albany-Schenectady-Troy, NY Metro Area",Troy,36,2,1,97889,28402,NY,304.8464764,132.1875929,1,0,0,0
12,"Albemarle, NC Micro Area",Albemarle,37,0,1,15889,21853,NC,78.63849797,88.25961364,0,0,1,0
13,"Albert Lea, MN Micro Area",Albert Lea,27,1,0,17687,24988,MN,380.7531039,146.2763089,0,1,0,0
14,"Albertville, AL Micro Area",Albertville,1,0,0,21460,20243,AL,6434.446026,6106.09392,0,0,1,0
15,"Albuquerque, NM Metro Area",Albuquerque,35,0,0,559202,29210,NM,691.0534501,511.3452266,0,0,0,1
16,"Alexander City, AL Micro Area",Alexander City,1,1,0,14621,21498,AL,344.7524571,57.7721465,0,0,1,0
17,"Alexandria, LA Metro Area",Alexandria,22,1,1,47539,25896,LA,643.7116384,206.4054708,0,0,1,0
18,"Alexandria, MN Micro Area",Alexandria,27,0,0,13380,29901,MN,643.7116384,206.4054708,0,1,0,0
19,"Alice, TX Micro Area",Alice,48,0,0,19146,22019,TX,577.6329256,345.0948181,0,0,1,0
20,"Allentown-Bethlehem-Easton, PA-NJ Metro Area",Easton,42,1,0,120410,28805,PA,4816.65845,4564.738123,1,0,0,0
23,"Alma, MI Micro Area",Alma,26,0,0,9051,19237,MI,424.0936495,114.5424024,0,1,0,0
24,"Alpena, MI Micro Area",Alpena,26,1,0,10086,22806,MI,441.7348524,282.3240801,0,1,0,0
25,"Altoona, PA Metro Area",Altoona,42,1,1,44372,22995,PA,181.4943912,148.6703309,1,0,0,0
26,"Altus, OK Micro Area",Altus,40,0,0,19034,22649,OK,412.9217429,347.0592139,0,0,1,0
27,"Amarillo, TX Metro Area",Amarillo,48,2,2,198773,27950,TX,649.1665583,539.0270798,0,0,1,0
28,"Americus, GA Micro Area",Americus,13,0,1,15659,18061,GA,164.6770327,131.7485319,0,0,1,0
29,"Ames, IA Metro Area",Ames,19,0,1,65937,25606,IA,374.8069346,159.8609684,0,1,0,0
30,"Amsterdam, NY Micro Area",Amsterdam,36,1,1,17927,21135,NY,303.2551671,87.48979083,1,0,0,0
31,"Andrews, TX Micro Area",Andrews,48,0,0,13525,27554,TX,699.2110764,744.7361232,0,0,1,0
32,"Angola, IN Micro Area",Angola,18,0,0,8645,21622,IN,12385.2591,11181.12188,0,1,0,0
33,"Ann Arbor, MI Metro Area",Ann Arbor,26,0,1,120641,40868,MI,136.419349,37.84514579,0,1,0,0
34,"Anniston-Oxford-Jacksonville, AL Metro Area",Oxford,1,1,1,21924,26723,AL,395.1220965,223.0093302,0,0,1,0
37,"Appleton, WI Metro Area",Appleton,55,1,1,74234,30517,WI,227.9855129,139.5394952,0,1,0,0
38,"Arcadia, FL Micro Area",Arcadia,12,0,0,7943,17830,FL,126.4547276,218.670739,0,0,1,0
39,"Ardmore, OK Micro Area",Ardmore,40,0,1,24892,24640,OK,209.204067,243.5385132,0,0,1,0
40,"Arkadelphia, AR Micro Area",Arkadelphia,5,0,0,10611,17226,AR,226.3743627,350.2596407,0,0,1,0
41,"Arkansas City-Winfield, KS Micro Area",Winfield,20,0,0,12138,21067,KS,477.903978,150.0008181,0,1,0,0
43,"Asheville, NC Metro Area",Asheville,37,2,2,90531,32459,NC,152.1991406,231.4695345,0,0,1,0
44,"Ashland, OH Micro Area",Ashland,39,1,0,20396,24594,OH,113.8392842,127.8724786,0,1,0,0
45,"Ashtabula, OH Micro Area",Ashtabula,39,1,1,18243,17121,OH,255.9109715,133.7172244,0,1,0,0
46,"Astoria, OR Micro Area",Astoria,41,0,0,9747,29565,OR,1487.052215,116.5413329,0,0,0,1
47,"Atchison, KS Micro Area",Atchison,20,0,0,10675,22148,KS,606.2991825,68.48520209,0,1,0,0
48,"Athens, OH Micro Area",Athens,39,0,0,24771,15387,OH,231.4250801,104.9634886,0,1,0,0
49,"Athens, TN Micro Area",Athens,47,0,1,13752,20387,TN,337.8353209,154.960819,0,0,1,0
50,"Athens, TX Micro Area",Athens,48,0,0,12677,20699,TX,123.8615109,275.0951833,0,0,1,0
51,"Atlanta-Sandy Springs-Roswell, GA Metro Area",Sandy Springs,13,6,1,479655,57280,GA,868.0351739,614.5724276,0,0,1,0
54,"Atlantic City-Hammonton, NJ Metro Area",Atlantic City,34,0,0,38372,19924,NJ,215.2504923,82.06124842,1,0,0,0
55,"Atmore, AL Micro Area",Atmore,1,0,0,9746,12311,AL,403.4207031,254.3888377,0,0,1,0
56,"Auburn, IN Micro Area",Auburn,18,0,0,13162,28213,IN,479.4831134,161.4196812,0,1,0,0
57,"Auburn, NY Micro Area",Auburn,36,1,1,26779,24291,NY,250.2351775,107.3175359,1,0,0,0
58,"Auburn-Opelika, AL Metro Area",Opelika,1,1,1,62996,27691,AL,290.1652982,15.4733426,0,0,1,0
60,"Augusta-Waterville, ME Micro Area",Waterville,23,1,1,18635,27102,ME,692.3414999,383.7084636,1,0,0,0
62,"Austin, MN Micro Area",Austin,27,0,0,25006,27905,MN,352.5060444,142.848058,0,1,0,0
63,"Austin-Round Rock, TX Metro Area",Round Rock,48,7,5,935755,40391,TX,394.2447643,237.6791823,0,0,1,0
65,"Bainbridge, GA Micro Area",Bainbridge,13,1,0,12152,18132,GA,124.2878605,207.7024234,0,0,1,0
66,"Bakersfield, CA Metro Area",Bakersfield,6,4,1,375699,26323,CA,241.1605827,166.475811,0,0,0,1
67,"Baltimore-Columbia-Towson, MD Metro Area",Towson,24,0,0,614700,45249,MD,158.2752211,64.24124752,0,0,1,0
69,"Bangor, ME Metro Area",Bangor,23,1,1,32098,28769,ME,763.6768912,449.6406966,1,0,0,0
70,"Baraboo, WI Micro Area",Baraboo,55,0,0,12093,27756,WI,143.3899116,132.9815829,0,1,0,0
71,"Bardstown, KY Micro Area",Bardstown,21,0,1,13042,32717,KY,391.4261684,55.67147039,0,0,1,0
72,"Barnstable Town, MA Metro Area",Barnstable Town,25,0,0,44314,40463,MA,233.2805027,25.14627826,1,0,0,0
73,"Barre, VT Micro Area",Barre,50,0,0,8711,24303,VT,497.1253141,253.8715028,1,0,0,0
74,"Bartlesville, OK Micro Area",Bartlesville,40,0,1,36448,30180,OK,401.4086796,65.906129,0,0,1,0
75,"Bastrop, LA Micro Area",Bastrop,22,0,0,10521,13011,LA,363.4281431,192.6649487,0,0,1,0
76,"Batavia, NY Micro Area",Batavia,36,1,0,14719,25208,NY,302.0547671,141.1113874,1,0,0,0
77,"Batesville, AR Micro Area",Batesville,5,1,0,10642,26274,AR,436.3687177,343.2438575,0,0,1,0
78,"Baton Rouge, LA Metro Area",Baton Rouge,22,3,3,225362,27329,LA,276.8514037,110.1061927,0,0,1,0
79,"Battle Creek, MI Metro Area",Battle Creek,26,0,1,51475,23906,MI,190.8231346,149.7597312,0,1,0,0
80,"Bay City, MI Metro Area",Bay City,26,1,0,33463,21412,MI,284.2749854,130.0834399,0,1,0,0
81,"Bay City, TX Micro Area",Bay City,48,0,0,17681,23406,TX,339.89418,103.9924091,0,0,1,0
82,"Beatrice, NE Micro Area",Beatrice,31,0,0,12307,26351,NE,678.5553234,129.648825,0,1,0,0
83,"Beaumont-Port Arthur, TX Metro Area",Port Arthur,48,1,1,118632,27376,TX,170.346541,139.925748,0,0,1,0
85,"Beaver Dam, WI Micro Area",Beaver Dam,55,0,0,16366,26572,WI,133.4524944,69.84269054,0,1,0,0
86,"Beckley, WV Metro Area",Beckley,54,0,1,16697,24785,WV,223.0736769,131.2236649,0,0,1,0
87,"Bedford, IN Micro Area",Bedford,18,0,1,13285,23383,IN,13615.09826,13252.74945,0,1,0,0
88,"Beeville, TX Micro Area",Beeville,48,0,0,13044,18557,TX,504.7775866,276.3652516,0,0,1,0
89,"Bellefontaine, OH Micro Area",Bellefontaine,39,0,1,13531,24175,OH,76.09975807,77.89013731,0,1,0,0
90,"Bellingham, WA Metro Area",Bellingham,53,1,1,87071,29030,WA,1624.516434,193.6972449,0,0,0,1
91,"Bemidji, MN Micro Area",Bemidji,27,1,0,15004,21871,MN,737.5666212,313.0795807,0,1,0,0
92,"Bend-Redmond, OR Metro Area",Redmond,41,1,1,90500,36516,OR,1213.243561,194.8331641,0,0,0,1
94,"Bennettsville, SC Micro Area",Bennettsville,45,0,0,8308,15625,SC,169.421512,161.7498311,0,0,1,0
95,"Berlin, NH-VT Micro Area",Berlin,33,0,0,10382,20807,NH,591.3515358,312.1735126,1,0,0,0
96,"Big Rapids, MI Micro Area",Big Rapids,26,0,1,10392,15115,MI,321.9589481,218.0892272,0,1,0,0
97,"Big Spring, TX Micro Area",Big Spring,48,0,0,28367,20889,TX,595.4964341,645.5190891,0,0,1,0
98,"Billings, MT Metro Area",Billings,30,1,1,109431,32966,MT,595.7405178,645.5033334,0,0,0,1
99,"Binghamton, NY Metro Area",Binghamton,36,0,1,45503,22293,NY,159.0920385,123.7291591,1,0,0,0
100,"Birmingham-Hoover, AL Metro Area",Hoover,1,3,2,212021,43999,AL,5590.823595,5269.976675,0,0,1,0
102,"Bismarck, ND Metro Area",Bismarck,38,0,1,71731,36550,ND,707.9788062,630.802927,0,1,0,0
103,"Blackfoot, ID Micro Area",Blackfoot,16,0,0,11854,21157,ID,662.1648795,298.7636177,0,0,0,1
104,"Blacksburg-Christiansburg-Radford, VA Metro Area",Radford,51,1,1,44245,35091,VA,5681.418007,5358.900133,0,0,1,0
107,"Bloomington, IL Metro Area",Bloomington,17,0,1,78331,37595,IL,141.8157818,189.7780846,0,1,0,0
108,"Bloomington, IN Metro Area",Bloomington,18,0,1,84058,23167,IN,301.8973842,125.6027441,0,1,0,0
109,"Bloomsburg-Berwick, PA Metro Area",Bloomsburg,42,1,1,14275,22522,PA,5733.040507,5411.180279,1,0,0,0
111,"Bluefield, WV-VA Micro Area",Bluefield,54,0,1,10022,31081,WV,192.1381331,166.9103579,0,0,1,0
113,"Blytheville, AR Micro Area",Blytheville,5,0,1,14298,19602,AR,573.857866,301.1326123,0,0,1,0
114,"Bogalusa, LA Micro Area",Bogalusa,22,0,0,11793,16314,LA,388.0970438,100.2568181,0,0,1,0
115,"Boise City, ID Metro Area",Boise City,16,2,1,224300,33287,ID,975.9105488,496.6337126,0,0,0,1
116,"Bonham, TX Micro Area",Bonham,48,0,0,10106,18654,TX,99.24786557,286.0002063,0,0,1,0
117,"Boone, IA Micro Area",Boone,19,0,0,12529,28087,IA,400.3260498,185.4198422,0,1,0,0
118,"Boone, NC Micro Area",Boone,37,0,1,18795,14367,NC,84.96446373,169.6328075,0,0,1,0
119,"Borger, TX Micro Area",Borger,48,0,0,12856,22605,TX,630.7008573,490.7583467,0,0,1,0
120,"Boston-Cambridge-Newton, MA-NH Metro Area",Newton,25,1,0,679413,69859,MA,472.1541899,177.9962248,1,0,0,0
123,"Boulder, CO Metro Area",Boulder,8,1,0,107360,42203,CO,327.5402188,35.74484854,0,0,0,1
124,"Bowling Green, KY Metro Area",Bowling Green,21,1,1,65731,22278,KY,510.5913529,108.8687613,0,0,1,0
125,"Bozeman, MT Micro Area",Bozeman,30,1,1,45121,30268,MT,712.6520022,576.5325093,0,0,0,1
126,"Bradford, PA Micro Area",Bradford,42,0,0,8424,23187,PA,243.9275431,44.73094806,1,0,0,0
127,"Brainerd, MN Micro Area",Brainerd,27,0,0,13389,23178,MN,609.8199683,178.3727342,0,1,0,0
128,"Branson, MO Micro Area",Branson,29,1,0,11345,21721,MO,424.9181934,254.7247832,0,1,0,0
129,"Breckenridge, CO Micro Area",Breckenridge,8,0,0,4936,33722,CO,506.4277889,148.0063529,0,0,0,1
130,"Bremerton-Silverdale, WA Metro Area",Silverdale,53,1,1,40220,35646,WA,6838.52835,6525.634506,0,0,0,1
132,"Brenham, TX Micro Area",Brenham,48,1,1,16778,22389,TX,281.5250729,109.2228145,0,0,1,0
133,"Brevard, NC Micro Area",Brevard,37,0,1,7785,24629,NC,178.2913256,191.2346411,0,0,1,0
134,"Bridgeport-Stamford-Norwalk, CT Metro Area",Stamford,9,1,1,146417,55059,CT,264.7295933,40.96398466,1,0,0,0
137,"Brookhaven, MS Micro Area",Brookhaven,28,1,0,12226,19892,MS,324.0904339,183.0790136,0,0,1,0
138,"Brookings, OR Micro Area",Brookings,41,0,0,6413,27403,OR,1106.968266,406.4915166,0,0,0,1
139,"Brookings, SD Micro Area",Brookings,46,0,1,23863,25600,SD,664.7421112,301.7969909,0,1,0,0
140,"Brownsville, TN Micro Area",Brownsville,47,0,0,9715,21374,TN,609.6300181,246.7317556,0,0,1,0
141,"Brownsville-Harlingen, TX Metro Area",Harlingen,48,2,1,182679,18423,TX,707.6037671,474.5380324,0,0,1,0
143,"Brownwood, TX Micro Area",Brownwood,48,0,0,18820,22448,TX,389.7114659,408.038365,0,0,1,0
144,"Brunswick, GA Metro Area",Brunswick,13,1,1,16034,19829,GA,1164.839709,839.8943465,0,0,1,0
145,"Bucyrus, OH Micro Area",Bucyrus,39,0,0,11906,23591,OH,62.46122346,103.4114508,0,1,0,0
146,"Buffalo-Cheektowaga-Niagara Falls, NY Metro Area",Niagara Falls,36,1,0,257518,23397,NY,353.0365558,124.9232787,1,0,0,0
148,"Burley, ID Micro Area",Burley,16,0,0,10373,17763,ID,760.8263035,275.3099902,0,0,0,1
149,"Burlington, IA-IL Micro Area",Burlington,19,0,0,25127,42096,IL,11124.65818,11201.36771,0,1,0,0
151,"Burlington, NC Metro Area",Burlington,37,1,1,52524,25614,NC,135.3247368,32.00228103,0,0,1,0
152,"Burlington-South Burlington, VT Metro Area",South Burlington,50,0,1,42513,43265,VT,490.1911683,226.7898237,1,0,0,0
154,"Cadillac, MI Micro Area",Cadillac,26,1,0,10394,21462,MI,366.1955657,259.8888134,0,1,0,0
155,"Calhoun, GA Micro Area",Calhoun,13,1,0,16708,22458,GA,503.2105617,241.4188412,0,0,1,0
156,"Cambridge, MD Micro Area",Cambridge,24,0,0,12401,23792,MD,235.8279154,148.7320664,0,0,1,0
157,"Cambridge, OH Micro Area",Cambridge,39,0,0,10432,18832,OH,207.5989033,129.6265185,0,1,0,0
158,"Camden, AR Micro Area",Camden,5,0,0,11152,18636,AR,226.5909533,405.8587343,0,0,1,0
159,"Campbellsville, KY Micro Area",Campbellsville,21,0,1,11413,18284,KY,434.6953392,107.5754292,0,0,1,0
160,"Canton, IL Micro Area",Canton,17,0,0,13789,23127,IL,977.502352,542.0343085,0,1,0,0
161,"Canton-Massillon, OH Metro Area",Massillon,39,1,1,71313,23869,OH,193.5586069,177.9824941,0,1,0,0
163,"Cape Coral-Fort Myers, FL Metro Area",Fort Myers,12,2,2,178593,28746,FL,195.2223593,189.2469693,0,0,1,0
165,"Cape Girardeau, MO-IL Metro Area",Cape Girardeau,29,0,1,39323,24895,MO,491.2289057,162.5277047,0,1,0,0
166,"Carbondale-Marion, IL Metro Area",Marion,17,1,1,25846,26395,IL,439.5621479,362.0159224,0,1,0,0
168,"Carlsbad-Artesia, NM Micro Area",Carlsbad,35,0,1,28838,28771,NM,858.3942271,634.6650436,0,0,0,1
170,"Carroll, IA Micro Area",Carroll,19,0,0,9899,30360,IA,477.3886656,123.3033421,0,1,0,0
171,"Carson City, NV Metro Area",Carson City,32,2,1,54467,29767,NV,637.9632097,269.5820181,0,0,0,1
172,"Casper, WY Metro Area",Casper,56,1,0,58756,32657,WY,227.2106966,293.7966623,0,0,0,1
173,"Cañon City, CO Micro Area",Cañon City,8,0,0,16428,25052,CO,301.4921605,216.2835659,0,0,0,1
174,"Cedar City, UT Micro Area",Cedar City,49,1,0,31009,20570,UT,573.328591,246.014646,0,0,0,1
175,"Cedar Rapids, IA Metro Area",Cedar Rapids,19,1,1,131360,32625,IA,215.551166,8.151529166,0,1,0,0
176,"Cedartown, GA Micro Area",Cedartown,13,1,0,9930,20902,GA,398.6359223,90.8361061,0,0,1,0
177,"Celina, OH Micro Area",Celina,39,0,0,10288,23848,OH,94.9569462,145.9661464,0,1,0,0
178,"Central City, KY Micro Area",Central City,21,0,0,5822,19498,KY,487.9983514,149.8870228,0,0,1,0
179,"Centralia, IL Micro Area",Centralia,17,0,0,12538,21638,IL,351.4190153,97.54804424,0,1,0,0
180,"Centralia, WA Micro Area",Centralia,53,0,0,16932,22589,WA,1516.087716,35.98509178,0,0,0,1
181,"Chambersburg-Waynesboro, PA Metro Area",Waynesboro,42,0,1,10842,22386,PA,152.6310239,40.42750093,1,0,0,0
182,"Champaign-Urbana, IL Metro Area",Urbana,17,1,1,86791,29793,IL,166.2386034,211.1004221,0,1,0,0
184,"Charleston, WV Metro Area",Charleston,54,0,0,48734,34217,WV,292.6066265,71.34235925,0,0,1,0
185,"Charleston-Mattoon, IL Micro Area",Mattoon,17,1,0,20632,23631,IL,343.4783197,185.8284678,0,1,0,0
187,"Charleston-North Charleston, SC Metro Area",North Charleston,45,2,3,133762,40511,SC,343.4783197,120.3345397,0,0,1,0
189,"Charlotte-Concord-Gastonia, NC-SC Metro Area",Gastonia,37,6,7,841611,36426,NC,63.69979348,154.8109352,0,0,1,0
192,"Charlottesville, VA Metro Area",Charlottesville,51,0,1,47042,35026,VA,194.7160656,179.913842,0,0,1,0
193,"Chattanooga, TN-GA Metro Area",Chattanooga,47,1,1,177365,28852,TN,409.8464504,143.9118837,0,0,1,0
194,"Cheyenne, WY Metro Area",Cheyenne,56,1,1,63243,33299,WY,0.0,85.88962689,0,0,0,1
195,"Chicago-Naperville-Elgin, IL-IN-WI Metro Area",Naperville,17,1,1,2718555,53061,IL,7543.96251,7232.934894,0,1,0,0
198,"Chico, CA Metro Area",Chico,6,1,1,91998,27869,CA,777.3855517,377.3037977,0,0,0,1
199,"Chillicothe, OH Micro Area",Chillicothe,39,0,1,21717,25297,OH,198.0277228,61.61573743,0,1,0,0
200,"Cincinnati, OH-KY-IN Metro Area",Cincinnati,39,5,5,300357,29156,OH,227.6058649,143.589958,0,1,0,0
201,"Claremont-Lebanon, NH-VT Micro Area",Lebanon,33,1,0,13619,40829,NH,466.1262642,201.0126027,1,0,0,0
203,"Clarksburg, WV Micro Area",Clarksburg,54,0,1,15830,23175,WV,342.8030785,205.8969256,0,0,1,0
204,"Clarksdale, MS Micro Area",Clarksdale,28,0,0,16174,17002,MS,433.9762017,363.7048985,0,0,1,0
205,"Clarksville, TN-KY Metro Area",Clarksville,47,1,2,150602,24329,TN,568.7959687,90.01608607,0,0,1,0
206,"Clearlake, CA Micro Area",Clearlake,6,0,0,15323,16404,CA,751.0052787,350.9534756,0,0,0,1
207,"Cleveland, MS Micro Area",Cleveland,28,0,0,11998,20778,MS,389.3461025,367.3876055,0,0,1,0
208,"Cleveland, TN Metro Area",Cleveland,47,0,0,43924,26248,TN,368.5903707,132.7754387,0,0,1,0
209,"Cleveland-Elyria, OH Metro Area",Elyria,39,1,1,387398,23959,OH,171.8614912,176.9529118,0,1,0,0
211,"Clewiston, FL Micro Area",Clewiston,12,0,0,7663,23933,FL,176.7062045,118.9698612,0,0,1,0
212,"Clinton, IA Micro Area",Clinton,19,1,0,25637,25434,IA,127.9202879,94.70985552,0,1,0,0
213,"Clovis, NM Micro Area",Clovis,35,0,1,39239,23410,NM,751.2959516,683.3425989,0,0,0,1
214,"Coeur d'Alene, ID Metro Area",Coeur d'Alene,16,0,0,49609,27688,ID,1195.622789,460.8542301,0,0,0,1
215,"Coffeyville, KS Micro Area",Coffeyville,20,0,0,9578,23297,KS,428.8805488,103.4725076,0,1,0,0
216,"Coldwater, MI Micro Area",Coldwater,26,1,0,12284,20135,MI,150.5934768,147.0796737,0,1,0,0
217,"College Station-Bryan, TX Metro Area",College Station,48,1,1,110782,26053,TX,254.9967212,140.0320303,0,0,1,0
219,"Colorado Springs, CO Metro Area",Colorado Springs,8,4,4,457502,32539,CO,256.0482954,173.2922789,0,0,0,1
220,"Columbia, MO Metro Area",Columbia,29,1,1,120248,28962,MO,458.4759589,184.7788933,0,1,0,0
221,"Columbia, SC Metro Area",Columbia,45,0,0,133352,28972,SC,198.1363764,190.8469943,0,0,1,0
222,"Columbus, GA-AL Metro Area",Columbus,13,1,1,196670,25318,GA,220.4643724,91.47847575,0,0,1,0
223,"Columbus, IN Metro Area",Columbus,18,0,1,47227,32551,IN,8904.195989,7696.907431,0,1,0,0
224,"Columbus, MS Micro Area",Columbus,28,0,1,24272,21835,MS,558.4772007,152.4801263,0,0,1,0
225,"Columbus, NE Micro Area",Columbus,31,0,0,22992,28978,NE,220.4643724,91.47847575,0,1,0,0
226,"Columbus, OH Metro Area",Columbus,39,3,7,867628,27967,OH,131.8787741,11.9462232,0,1,0,0
227,"Concord, NH Micro Area",Concord,33,1,1,43040,33902,NH,481.1239212,173.1549884,1,0,0,0
228,"Connersville, IN Micro Area",Connersville,18,0,0,13069,21263,IN,302.0357119,118.6970961,0,1,0,0
229,"Cookeville, TN Micro Area",Cookeville,47,0,1,32894,22569,TN,418.1041064,98.81906716,0,0,1,0
230,"Coos Bay, OR Micro Area",Coos Bay,41,0,0,16176,27315,OR,1224.912707,268.865144,0,0,0,1
231,"Cordele, GA Micro Area",Cordele,13,1,0,10793,16124,GA,134.2259744,175.303354,0,0,1,0
232,"Corinth, MS Micro Area",Corinth,28,0,1,14647,21012,MS,630.233514,213.0759954,0,0,1,0
233,"Cornelia, GA Micro Area",Cornelia,13,0,1,4290,15715,GA,278.8266932,84.41400279,0,0,1,0
234,"Corning, NY Micro Area",Corning,36,0,0,10789,32128,NY,174.4197791,177.3721953,1,0,0,0
235,"Corpus Christi, TX Metro Area",Corpus Christi,48,3,1,324692,28017,TX,534.1827399,298.5516301,0,0,1,0
236,"Corsicana, TX Micro Area",Corsicana,48,1,0,23736,20803,TX,168.2084704,279.0269601,0,0,1,0
237,"Cortland, NY Micro Area",Cortland,36,0,1,18828,21510,NY,212.3054837,93.09991207,1,0,0,0
238,"Corvallis, OR Metro Area",Corvallis,41,1,0,57213,29234,OR,1304.672639,115.8660593,0,0,0,1
239,"Coshocton, OH Micro Area",Coshocton,39,0,0,11067,24058,OH,173.881278,113.7920069,0,1,0,0
240,"Craig, CO Micro Area",Craig,8,0,0,8888,26794,CO,240.1911937,212.7337829,0,0,0,1
241,"Crawfordsville, IN Micro Area",Crawfordsville,18,1,0,16053,22542,IN,206.10982,221.3948779,0,1,0,0
242,"Crescent City, CA Micro Area",Crescent City,6,1,0,6681,12398,CA,1082.519724,424.468563,0,0,0,1
243,"Crestview-Fort Walton Beach-Destin, FL Metro Area",Fort Walton Beach,12,1,1,23663,43086,FL,323.7443757,267.2254871,0,0,1,0
246,"Crossville, TN Micro Area",Crossville,47,0,1,11368,20413,TN,374.300413,140.4327193,0,0,1,0
247,"Cullman, AL Micro Area",Cullman,1,0,1,15558,25448,AL,498.3719415,98.79791861,0,0,1,0
248,"Cumberland, MD-WV Metro Area",Cumberland,24,0,0,19845,22288,MD,242.1411256,119.1638467,0,0,1,0
249,"Dallas-Fort Worth-Arlington, TX Metro Area",Fort Worth,48,4,3,1318806,32804,TX,202.9912893,381.0861982,0,0,1,0
252,"Dalton, GA Metro Area",Dalton,13,1,1,33458,22722,GA,216.6279869,170.9652187,0,0,1,0
253,"Danville, IL Metro Area",Danville,17,0,1,31554,20371,IL,171.7210071,210.6111766,0,1,0,0
254,"Danville, KY Micro Area",Danville,21,0,1,16685,22329,KY,389.1965065,109.9623855,0,0,1,0
255,"Danville, VA Micro Area",Danville,51,1,1,41512,22200,VA,171.7210071,210.6111766,0,0,1,0
256,"Daphne-Fairhope-Foley, AL Metro Area",Foley,1,1,1,25361,41281,AL,8147.020495,7825.67854,0,0,1,0
259,"Davenport-Moline-Rock Island, IA-IL Metro Area",Rock Island,19,0,1,102318,30535,IL,153.8150064,114.4700325,0,1,0,0
262,"Dayton, OH Metro Area",Dayton,39,2,0,140782,19092,OH,149.6324265,95.04061344,0,1,0,0
263,"Dayton, TN Micro Area",Dayton,47,0,1,7340,16934,TN,374.9724631,153.2919608,0,0,1,0
264,"DeRidder, LA Micro Area",DeRidder,22,0,0,11050,23108,LA,84.17557538,233.44222,0,0,1,0
265,"Decatur, AL Metro Area",Decatur,1,1,1,54617,26637,AL,430.53039,186.1125681,0,0,1,0
266,"Decatur, IL Metro Area",Decatur,17,0,0,72969,25800,IL,430.53039,186.1125681,0,1,0,0
267,"Decatur, IN Micro Area",Decatur,18,0,0,10331,23027,IN,430.53039,186.1125681,0,1,0,0
268,"Defiance, OH Micro Area",Defiance,39,0,1,17105,27799,OH,65.0665382,156.1600232,0,1,0,0
269,"Del Rio, TX Micro Area",Del Rio,48,1,0,35921,20125,TX,686.1509635,537.3244247,0,0,1,0
270,"Deltona-Daytona Beach-Ormond Beach, FL Metro Area",Ormond Beach,12,1,1,89186,34579,FL,115.3458702,350.9935526,0,0,1,0
273,"Deming, NM Micro Area",Deming,35,0,0,14292,15990,NM,900.3764657,303.1684955,0,0,0,1
274,"Denver-Aurora-Lakewood, CO Metro Area",Lakewood,8,4,3,693417,41196,CO,2667.464339,2379.088229,0,0,0,1
277,"Des Moines-West Des Moines, IA Metro Area",West Des Moines,19,2,2,215932,44527,IA,394.8693494,180.4430189,0,1,0,0
279,"Detroit-Warren-Dearborn, MI Metro Area",Warren,26,1,1,677155,24723,MI,151.8544621,312.8109314,0,1,0,0
282,"Dickinson, ND Micro Area",Dickinson,38,0,0,22707,37045,ND,658.0943048,743.9760648,0,1,0,0
283,"Dixon, IL Micro Area",Dixon,17,0,0,15496,22283,IL,57.42770686,126.5969113,0,1,0,0
284,"Dodge City, KS Micro Area",Dodge City,20,0,0,27808,21725,KS,558.7243949,397.6458018,0,1,0,0
285,"Dothan, AL Metro Area",Dothan,1,1,2,67872,27648,AL,206.5210901,153.9217438,0,0,1,0
286,"Douglas, GA Micro Area",Douglas,13,0,0,11556,18213,GA,133.2211501,237.2703557,0,0,1,0
287,"Dover, DE Metro Area",Dover,10,1,1,37331,24968,DE,181.4675343,96.10405962,0,0,1,0
288,"DuBois, PA Micro Area",DuBois,42,0,0,7530,25958,PA,215.9336333,100.1857467,1,0,0,0
289,"Dublin, GA Micro Area",Dublin,13,0,0,15869,18946,GA,5276.134651,4955.634287,0,0,1,0
290,"Dubuque, IA Metro Area",Dubuque,19,0,1,58340,27703,IA,131.8351828,98.13008826,0,1,0,0
291,"Duluth, MN-WI Metro Area",Duluth,27,1,0,86004,29667,MN,555.1284135,216.2916574,0,1,0,0
292,"Dumas, TX Micro Area",Dumas,48,0,0,14597,23214,TX,636.6322007,540.0483288,0,0,1,0
293,"Duncan, OK Micro Area",Duncan,40,0,0,22823,24398,OK,292.2694121,256.0443865,0,0,1,0
294,"Dunn, NC Micro Area",Dunn,37,0,0,9635,20733,NC,158.5004304,136.7375626,0,0,1,0
295,"Durango, CO Micro Area",Durango,8,1,0,18321,40046,CO,1302.501055,1015.401683,0,0,0,1
296,"Durant, OK Micro Area",Durant,40,0,1,17517,20359,OK,140.2048243,242.2160849,0,0,1,0
297,"Durham-Chapel Hill, NC Metro Area",Durham,37,2,2,264310,40890,NC,155.5853578,80.66739963,0,0,1,0
299,"Dyersburg, TN Micro Area",Dyersburg,47,0,1,16559,26656,TN,621.5421669,252.7108631,0,0,1,0
300,"Eagle Pass, TX Micro Area",Eagle Pass,48,0,1,29151,18717,TX,706.7952163,511.6841747,0,0,1,0
301,"Easton, MD Micro Area",Easton,24,0,1,16551,34220,MD,213.4444068,135.7372671,0,0,1,0
302,"Eau Claire, WI Metro Area",Eau Claire,55,0,0,68086,27691,WI,342.6029043,127.5908413,0,1,0,0
303,"Effingham, IL Micro Area",Effingham,17,0,0,12624,29618,IL,285.8866523,148.9473474,0,1,0,0
304,"El Campo, TX Micro Area",El Campo,48,0,0,11670,29502,TX,340.1965887,107.4129937,0,0,1,0
305,"El Centro, CA Metro Area",El Centro,6,1,1,43898,18934,CA,190.1002918,380.2855177,0,0,0,1
306,"El Dorado, AR Micro Area",El Dorado,5,1,0,18129,23890,AR,225.9999383,431.1258819,0,0,1,0
307,"El Paso, TX Metro Area",El Paso,48,3,4,680354,21927,TX,1032.167431,429.0337305,0,0,1,0
308,"Elizabeth City, NC Micro Area",Elizabeth City,37,0,1,17604,18129,NC,120.9504945,321.8174993,0,0,1,0
309,"Elizabethtown-Fort Knox, KY Metro Area",Elizabethtown,21,1,1,29474,28433,KY,417.5085125,62.80363639,0,0,1,0
310,"Elk City, OK Micro Area",Elk City,40,0,0,12046,26582,OK,457.3310464,319.2441013,0,0,1,0
311,"Elkhart-Goshen, IN Metro Area",Goshen,18,0,1,52308,21603,IN,9769.547293,8457.58601,0,1,0,0
313,"Elkins, WV Micro Area",Elkins,54,0,0,7115,22163,WV,340.8177549,217.3527693,0,0,1,0
314,"Elko, NV Micro Area",Elko,32,1,0,20247,34898,NV,839.7224584,301.3514055,0,0,0,1
315,"Ellensburg, WA Micro Area",Ellensburg,53,0,0,19799,20658,WA,1414.383188,172.0337936,0,0,0,1
316,"Elmira, NY Metro Area",Elmira,36,0,0,27695,17666,NY,161.9515333,169.2536288,1,0,0,0
317,"Emporia, KS Micro Area",Emporia,20,0,0,24649,24216,KS,585.5110427,78.20272627,0,1,0,0
318,"Enid, OK Metro Area",Enid,40,0,0,50612,25150,OK,431.2918851,171.5691468,0,0,1,0
319,"Enterprise, AL Micro Area",Enterprise,1,0,1,27859,29434,AL,7610.735051,7284.242085,0,0,1,0
320,"Erie, PA Metro Area",Erie,42,0,0,98156,20954,PA,320.8738398,76.9123805,1,0,0,0
321,"Escanaba, MI Micro Area",Escanaba,26,0,0,12298,22560,MI,418.884769,317.690203,0,1,0,0
322,"Eufaula, AL-GA Micro Area",Eufaula,1,0,0,12289,21900,AL,214.8218873,83.79188124,0,0,1,0
323,"Eugene, OR Metro Area",Eugene,41,2,1,165997,29306,OR,1247.428513,166.6895623,0,0,0,1
324,"Eureka-Arcata-Fortuna, CA Micro Area",Fortuna,6,0,0,27020,26044,CA,992.8394711,560.0324542,0,0,0,1
327,"Evanston, WY Micro Area",Evanston,56,0,0,11953,25866,WY,64.48059955,23.4289727,0,0,0,1
328,"Evansville, IN-KY Metro Area",Evansville,18,2,1,118952,23714,IN,411.7002641,158.2599487,0,1,0,0
329,"Fairfield, IA Micro Area",Fairfield,19,0,0,10216,24760,IA,277.0889327,117.7318068,0,1,0,0
330,"Fairmont, MN Micro Area",Fairmont,27,0,0,10191,30900,MN,463.893471,180.495263,0,1,0,0
331,"Fairmont, WV Micro Area",Fairmont,54,0,0,18507,23125,WV,344.7799068,232.0221234,0,0,1,0
332,"Fallon, NV Micro Area",Fallon,32,0,0,8330,23200,NV,646.6344595,316.1666655,0,0,0,1
333,"Fargo, ND-MN Metro Area",Fargo,38,0,0,120209,33985,ND,796.5810903,357.3559815,0,1,0,0
334,"Faribault-Northfield, MN Micro Area",Northfield,27,0,0,23711,28184,MN,425.3341378,158.1187776,0,1,0,0
336,"Farmington, MO Micro Area",Farmington,29,0,1,18269,22247,MO,570.7825722,490.491546,0,1,0,0
337,"Farmington, NM Metro Area",Farmington,35,1,1,45582,27552,NM,570.7825722,490.491546,0,0,0,1
338,"Fayetteville, NC Metro Area",Fayetteville,37,1,3,209867,24336,NC,195.7385508,140.2491474,0,0,1,0
339,"Fayetteville-Springdale-Rogers, AR-MO Metro Area",Springdale,5,1,2,83736,33585,AR,363.4433215,169.6084082,0,0,1,0
342,"Fergus Falls, MN Micro Area",Fergus Falls,27,1,0,13647,28900,MN,713.3348126,275.3202857,0,1,0,0
343,"Fernley, NV Micro Area",Fernley,32,0,1,19573,26974,NV,670.6042721,321.6095672,0,0,0,1
344,"Findlay, OH Micro Area",Findlay,39,0,1,41276,28846,OH,0.0,137.2056468,0,1,0,0
345,"Fitzgerald, GA Micro Area",Fitzgerald,13,0,0,8865,14758,GA,7323.915379,6995.530215,0,0,1,0
346,"Flagstaff, AZ Metro Area",Flagstaff,4,2,0,71202,26285,AZ,535.6915797,333.0960356,0,0,0,1
347,"Flint, MI Metro Area",Flint,26,2,0,97161,16013,MI,535.9938375,142.5651101,0,1,0,0
348,"Florence, SC Metro Area",Florence,45,1,2,37802,30482,SC,203.3348993,207.9409479,0,0,1,0
349,"Florence-Muscle Shoals, AL Metro Area",Muscle Shoals,1,1,1,40104,28807,AL,6873.973424,6545.601726,0,0,1,0
351,"Fond du Lac, WI Metro Area",Fond du Lac,55,0,0,42858,26845,WI,175.181355,86.55120842,0,1,0,0
352,"Forest City, NC Micro Area",Forest City,37,0,1,7167,17716,NC,7072.153948,6759.414831,0,0,1,0
353,"Forrest City, AR Micro Area",Forrest City,5,0,0,14475,14671,AR,456.2514717,397.7131293,0,0,1,0
354,"Fort Collins, CO Metro Area",Fort Collins,8,2,1,162511,32440,CO,68.64790994,18.45437712,0,0,0,1
355,"Fort Dodge, IA Micro Area",Fort Dodge,19,0,0,24417,22867,IA,418.5401359,201.30117,0,1,0,0
356,"Fort Madison-Keokuk, IA-IL-MO Micro Area",Keokuk,19,0,0,10614,23864,IA,278.1041921,160.5588079,0,1,0,0
358,"Fort Morgan, CO Micro Area",Fort Morgan,8,0,0,11309,21738,CO,131.1414855,106.8311581,0,0,0,1
359,"Fort Payne, AL Micro Area",Fort Payne,1,0,1,14006,20625,AL,461.3473077,139.3792128,0,0,1,0
360,"Fort Smith, AR-OK Metro Area",Fort Smith,5,1,1,87639,25049,AR,255.080932,165.4438294,0,0,1,0
361,"Fort Wayne, IN Metro Area",Fort Wayne,18,1,3,264052,26213,IN,157.4945338,32.36080296,0,1,0,0
362,"Frankfort, IN Micro Area",Frankfort,18,0,0,16186,20619,IN,6366.641463,6046.285968,0,1,0,0
363,"Frankfort, KY Micro Area",Frankfort,21,0,1,27582,26825,KY,332.3813342,77.81447687,0,0,1,0
364,"Fredericksburg, TX Micro Area",Fredericksburg,48,0,0,11157,33112,TX,472.9116637,342.8523562,0,0,1,0
365,"Freeport, IL Micro Area",Freeport,17,0,0,24300,25399,IL,43.57975185,138.8999816,0,1,0,0
366,"Fremont, NE Micro Area",Fremont,31,0,0,26426,25694,NE,621.4739341,50.56188641,0,1,0,0
367,"Fremont, OH Micro Area",Fremont,39,0,1,16171,21098,OH,56.41859383,128.2747304,0,1,0,0
368,"Fresno, CA Metro Area",Fresno,6,3,1,522277,22277,CA,397.2576985,6.874191951,0,0,0,1
369,"Gadsden, AL Metro Area",Gadsden,1,0,1,35624,20796,AL,436.7919682,112.2751884,0,0,1,0
370,"Gaffney, SC Micro Area",Gaffney,45,0,1,12526,16873,SC,104.9511818,201.717971,0,0,1,0
371,"Gainesville, FL Metro Area",Gainesville,12,2,2,130790,22388,FL,159.8587003,314.9962359,0,0,1,0
372,"Gainesville, GA Metro Area",Gainesville,13,1,1,38624,22826,GA,158.6675798,315.1131467,0,0,1,0
373,"Gainesville, TX Micro Area",Gainesville,48,1,0,16275,21000,TX,184.3392735,299.3741642,0,0,1,0
374,"Galesburg, IL Micro Area",Galesburg,17,0,1,30986,21898,IL,181.4571587,164.3372796,0,1,0,0
375,"Gallup, NM Micro Area",Gallup,35,1,0,22105,21839,NM,710.923614,420.715288,0,0,0,1
376,"Garden City, KS Micro Area",Garden City,20,1,0,26806,23591,KS,488.6059954,449.0799676,0,1,0,0
377,"Georgetown, SC Micro Area",Georgetown,45,0,0,8936,17578,SC,304.2633755,206.1697197,0,0,1,0
378,"Gettysburg, PA Metro Area",Gettysburg,42,0,0,7646,19069,PA,126.2624482,48.53710167,1,0,0,0
379,"Gillette, WY Micro Area",Gillette,56,1,0,33056,30264,WY,354.4193664,435.4098854,0,0,0,1
380,"Glasgow, KY Micro Area",Glasgow,21,0,1,14370,19470,KY,470.4548061,124.2167438,0,0,1,0
381,"Glens Falls, NY Metro Area",Glens Falls,36,0,0,14359,28923,NY,362.8323729,134.2027713,1,0,0,0
382,"Glenwood Springs, CO Micro Area",Glenwood Springs,8,0,1,9894,34188,CO,276.4697847,215.7962663,0,0,0,1
383,"Gloversville, NY Micro Area",Gloversville,36,0,0,14938,20562,NY,306.5979424,75.73388717,1,0,0,0
384,"Goldsboro, NC Metro Area",Goldsboro,37,0,1,34972,21666,NC,124.60557,179.7716989,0,0,1,0
385,"Grand Forks, ND-MN Metro Area",Grand Forks,38,0,1,56556,30337,ND,885.4231933,447.7746659,0,1,0,0
386,"Grand Island, NE Metro Area",Grand Island,31,1,0,51187,26377,NE,545.4623656,205.0560303,0,1,0,0
387,"Grand Junction, CO Metro Area",Grand Junction,8,1,1,61479,28909,CO,392.7676159,326.8079608,0,0,0,1
388,"Grand Rapids, MN Micro Area",Grand Rapids,27,1,0,11140,24934,MN,653.8931512,256.3326102,0,1,0,0
389,"Grand Rapids-Wyoming, MI Metro Area",Wyoming,26,1,1,197081,24852,MI,257.7475007,194.9794088,0,1,0,0
391,"Grants Pass, OR Metro Area",Grants Pass,41,1,0,37201,22550,OR,1098.972125,346.3050345,0,0,0,1
392,"Grants, NM Micro Area",Grants,35,0,0,9063,19900,NM,716.1646744,434.7868817,0,0,0,1
393,"Great Bend, KS Micro Area",Great Bend,20,0,0,15544,25329,KS,602.3116587,272.6893432,0,1,0,0
394,"Great Falls, MT Metro Area",Great Falls,30,1,0,58990,29203,MT,874.9438873,776.9379874,0,0,0,1
395,"Greeley, CO Metro Area",Greeley,8,1,1,103773,25200,CO,80.13638887,28.76421949,0,0,0,1
396,"Green Bay, WI Metro Area",Green Bay,55,2,0,104818,25398,WI,263.9604351,167.69682,0,1,0,0
397,"Greeneville, TN Micro Area",Greeneville,47,0,1,14896,21917,TN,179.5748435,252.6760415,0,0,1,0
398,"Greenfield Town, MA Micro Area",Greenfield Town,25,1,0,17468,30033,MA,1251.118839,922.9594348,1,0,0,0
399,"Greensboro-High Point, NC Metro Area",High Point,37,3,4,288719,28502,NC,103.9530012,23.20031445,0,0,1,0
401,"Greensburg, IN Micro Area",Greensburg,18,0,0,11712,26211,IN,245.2928585,122.593849,0,1,0,0
402,"Greenville, MS Micro Area",Greenville,28,0,1,31319,19388,MS,341.3929776,392.0132785,0,0,1,0
403,"Greenville, NC Metro Area",Greenville,37,0,1,91207,24566,NC,94.46352614,224.4423972,0,0,1,0
404,"Greenville, OH Micro Area",Greenville,39,0,1,12824,24055,OH,133.4131912,133.8165403,0,1,0,0
405,"Greenville-Anderson-Mauldin, SC Metro Area",Mauldin,45,3,2,65727,38523,SC,214.1267683,196.9155483,0,0,1,0
408,"Greenwood, MS Micro Area",Greenwood,28,0,0,14280,19734,MS,414.9939925,314.3781176,0,0,1,0
409,"Greenwood, SC Micro Area",Greenwood,45,0,1,23230,18656,SC,211.0566359,195.3834269,0,0,1,0
410,"Grenada, MS Micro Area",Grenada,28,0,0,12633,19034,MS,459.1395348,284.0217441,0,0,1,0
411,"Gulfport-Biloxi-Pascagoula, MS Metro Area",Pascagoula,28,1,1,71570,25389,MS,508.9751037,165.2608577,0,0,1,0
414,"Guymon, OK Micro Area",Guymon,40,0,0,11679,20961,OK,573.1993191,495.6359978,0,0,1,0
415,"Hagerstown-Martinsburg, MD-WV Metro Area",Martinsburg,54,1,2,40186,23593,WV,199.6401,47.84050523,0,0,1,0
417,"Hailey, ID Micro Area",Hailey,16,0,0,8259,22473,ID,825.4625303,389.6831063,0,0,0,1
418,"Hammond, LA Metro Area",Hammond,22,1,1,20444,20949,LA,58.87736315,60.94250697,0,0,1,0
419,"Hanford-Corcoran, CA Metro Area",Hanford,6,1,1,55893,26456,CA,358.2078727,73.96908465,0,0,0,1
421,"Hannibal, MO Micro Area",Hannibal,29,0,1,17575,21442,MO,340.0296224,151.824388,0,1,0,0
422,"Harrisburg-Carlisle, PA Metro Area",Harrisburg,42,1,1,49230,30595,PA,5722.43619,5400.104768,1,0,0,0
424,"Harrison, AR Micro Area",Harrison,5,1,0,13069,21069,AR,389.3660517,259.6296009,0,0,1,0
425,"Harrisonburg, VA Metro Area",Harrisonburg,51,1,1,53391,21793,VA,250.2453582,165.6928003,0,0,1,0
426,"Hartford-West Hartford-East Hartford, CT Metro Area",West Hartford,9,1,0,123628,54601,CT,304.8592458,204.0170004,1,0,0,0
429,"Hastings, NE Micro Area",Hastings,31,0,0,24922,28399,NE,409.4736641,30.3691275,0,1,0,0
430,"Hattiesburg, MS Metro Area",Hattiesburg,28,0,0,46251,20468,MS,433.6879127,176.8859104,0,0,1,0
431,"Hays, KS Micro Area",Hays,20,0,0,20956,29458,KS,531.8440723,309.3587014,0,1,0,0
432,"Heber, UT Micro Area",Heber,49,0,0,15056,24655,UT,560.4793633,38.23326608,0,0,0,1
433,"Helena, MT Micro Area",Helena,30,1,1,31212,33107,MT,838.0721318,674.3286044,0,0,0,1
434,"Henderson, NC Micro Area",Henderson,37,0,0,14986,24388,NC,76.58302185,128.4641555,0,0,1,0
435,"Hereford, TX Micro Area",Hereford,48,0,0,14938,20592,TX,687.2361235,599.6092953,0,0,1,0
436,"Hermiston-Pendleton, OR Micro Area",Pendleton,41,1,0,17346,23906,OR,1279.172252,303.6127271,0,0,0,1
438,"Hickory-Lenoir-Morganton, NC Metro Area",Morganton,37,1,2,40402,28542,NC,72.44355004,174.8730005,0,0,1,0
441,"Hillsdale, MI Micro Area",Hillsdale,26,0,0,8125,20792,MI,122.0857999,121.3733473,0,1,0,0
442,"Hilton Head Island-Bluffton-Beaufort, SC Metro Area",Hilton Head Island,45,1,1,39820,51773,SC,304.4081244,41.45969805,0,0,1,0
445,"Hinesville, GA Metro Area",Hinesville,13,0,1,33258,21305,GA,195.699254,68.87179201,0,0,1,0
446,"Hobbs, NM Micro Area",Hobbs,35,0,0,38052,24776,NM,741.2342037,739.196751,0,0,0,1
447,"Holland, MI Micro Area",Holland,26,0,1,33503,25536,MI,217.0767996,175.1171132,0,1,0,0
448,"Hood River, OR Micro Area",Hood River,41,0,0,7688,33934,OR,1373.582555,93.0118842,0,0,0,1
449,"Hope, AR Micro Area",Hope,5,0,0,9847,17410,AR,160.8352642,352.6477536,0,0,1,0
450,"Hot Springs, AR Metro Area",Hot Springs,5,0,1,36969,22325,AR,248.2575862,323.8951786,0,0,1,0
451,"Houghton, MI Micro Area",Houghton,26,0,0,7934,15130,MI,510.4224593,396.8838149,0,1,0,0
452,"Houma-Thibodaux, LA Metro Area",Thibodaux,22,1,1,33520,25321,LA,10739.28448,9380.232229,0,0,1,0
454,"Houston-The Woodlands-Sugar Land, TX Metro Area",The Woodlands,48,2,1,2295982,62672,TX,671.1393025,456.8737556,0,0,1,0
457,"Hudson, NY Micro Area",Hudson,36,0,0,6339,23270,NY,269.6368064,110.450375,1,0,0,0
458,"Huntingdon, PA Micro Area",Huntingdon,42,0,0,6987,19699,PA,149.9689832,129.6347669,1,0,0,0
459,"Huntington, IN Micro Area",Huntington,18,0,0,17147,21098,IN,120.8527598,157.3726466,0,1,0,0
460,"Huntington-Ashland, WV-KY-OH Metro Area",Huntington,54,1,1,47420,24594,WV,308.9164267,127.8724786,0,1,1,0
463,"Huntsville, AL Metro Area",Huntsville,1,2,2,193663,34589,AL,531.4919576,142.6534223,0,0,1,0
464,"Huntsville, TX Micro Area",Huntsville,48,1,0,41079,14556,TX,180.5456291,108.3730978,0,0,1,0
465,"Huron, SD Micro Area",Huron,46,0,0,13291,24431,SD,648.2687251,391.852628,0,1,0,0
466,"Hutchinson, KS Micro Area",Hutchinson,20,0,0,41146,25930,KS,593.8894173,217.2507645,0,1,0,0
467,"Hutchinson, MN Micro Area",Hutchinson,27,0,0,13882,34569,MN,515.656412,100.3752829,0,1,0,0
468,"Idaho Falls, ID Metro Area",Idaho Falls,16,1,1,60147,26690,ID,649.7844411,330.0877107,0,0,0,1
469,"Indiana, PA Micro Area",Indiana,42,0,0,13512,15941,PA,5740.807632,5418.801432,1,0,0,0
470,"Indianapolis-Carmel-Anderson, IN Metro Area",Carmel,18,1,1,90163,59541,IN,241.7404413,206.0774511,0,1,0,0
472,"Indianola, MS Micro Area",Indianola,28,0,0,9624,16840,MS,374.3946249,358.0406762,0,0,1,0
473,"Ionia, MI Micro Area",Ionia,26,0,0,11187,14701,MI,242.1938275,147.9529741,0,1,0,0
474,"Iowa City, IA Metro Area",Iowa City,19,0,0,74566,29033,IA,212.9855994,44.91227174,0,1,0,0
475,"Iron Mountain, MI-WI Micro Area",Iron Mountain,26,1,0,7406,24682,MI,402.8274014,312.3657141,0,1,0,0
476,"Ithaca, NY Metro Area",Ithaca,36,0,0,30568,20767,NY,195.231055,124.6564049,1,0,0,0
477,"Jackson, MI Metro Area",Jackson,26,1,1,32800,19075,MI,359.6781805,261.5027173,0,1,0,0
478,"Jackson, MS Metro Area",Jackson,28,1,1,168862,21261,MS,359.6781805,261.5027173,0,0,1,0
479,"Jackson, OH Micro Area",Jackson,39,0,0,6274,23071,OH,237.2246565,72.18815211,0,1,0,0
480,"Jackson, TN Metro Area",Jackson,47,1,2,66878,24487,TN,647.4743954,206.8974176,0,0,1,0
481,"Jackson, WY-ID Micro Area",Jackson,56,0,0,10483,39589,WY,1165.131322,873.27031,0,0,0,1
482,"Jacksonville, FL Metro Area",Jacksonville,12,6,6,878907,28793,FL,165.2510528,223.0093302,0,0,1,0
483,"Jacksonville, IL Micro Area",Jacksonville,17,0,0,18914,22999,IL,165.2510528,223.0093302,0,1,0,0
484,"Jacksonville, NC Metro Area",Jacksonville,37,1,2,73226,21927,NC,189.199226,260.6296082,0,0,1,0
485,"Jacksonville, TX Micro Area",Jacksonville,48,0,0,14821,18659,TX,135.5116167,244.6209477,0,0,1,0
486,"Jamestown, ND Micro Area",Jamestown,38,0,0,15368,29585,ND,806.4301229,486.2386635,0,1,0,0
487,"Jamestown-Dunkirk-Fredonia, NY Micro Area",Jamestown,36,1,0,29799,25683,NY,324.1277191,58.66031017,1,0,0,0
490,"Janesville-Beloit, WI Metro Area",Janesville,55,1,0,64128,28901,WI,46.0938241,86.1288355,0,1,0,0
492,"Jasper, IN Micro Area",Jasper,18,1,0,15765,32574,IN,12649.37477,12372.25283,0,1,0,0
493,"Jefferson City, MO Metro Area",Jefferson City,29,0,1,43013,26797,MO,477.1083076,168.4109997,0,1,0,0
494,"Jefferson, GA Micro Area",Jefferson,13,0,0,10693,28750,GA,477.1083076,168.4109997,0,0,1,0
495,"Jennings, LA Micro Area",Jennings,22,0,0,10047,21074,LA,365.4940409,7.555301874,0,0,1,0
496,"Jesup, GA Micro Area",Jesup,13,0,0,9814,16411,GA,245.5523907,56.66047906,0,0,1,0
497,"Johnson City, TN Metro Area",Johnson City,47,1,1,66037,29707,TN,144.6473866,231.9271126,0,0,1,0
498,"Johnstown, PA Metro Area",Johnstown,42,0,0,19812,16383,PA,229.0196841,164.2458868,1,0,0,0
499,"Jonesboro, AR Metro Area",Jonesboro,5,1,1,74710,26422,AR,508.947268,314.5549222,0,0,1,0
500,"Joplin, MO Metro Area",Joplin,29,1,1,50073,25894,MO,437.3807112,167.7338637,0,1,0,0
501,"Junction City, KS Micro Area",Junction City,20,0,0,23703,24122,KS,664.3543909,92.53590174,0,1,0,0
502,"Kalamazoo-Portage, MI Metro Area",Portage,26,1,1,76040,34737,MI,212.8347928,184.2416953,0,1,0,0
504,"Kalispell, MT Micro Area",Kalispell,30,1,1,22621,24614,MT,1085.965079,651.3041289,0,0,0,1
505,"Kankakee, IL Metro Area",Kankakee,17,0,0,25884,19567,IL,61.41469071,98.12513811,0,1,0,0
506,"Kansas City, MO-KS Metro Area",Kansas City,29,0,1,481417,31143,MO,584.305259,102.843304,0,1,0,0
508,"Kearney, NE Micro Area",Kearney,31,0,0,33273,29382,NE,500.6232033,267.572232,0,1,0,0
509,"Keene, NH Micro Area",Keene,33,1,0,23165,32426,NH,414.2138992,122.8763588,1,0,0,0
510,"Kendallville, IN Micro Area",Kendallville,18,0,0,9522,22757,IN,142.4488824,194.7598897,0,1,0,0
511,"Kennett, MO Micro Area",Kennett,29,0,0,10225,22140,MO,581.9117168,268.5187345,0,1,0,0
512,"Kennewick-Richland, WA Metro Area",Richland,53,1,1,80204,39242,WA,1294.827542,286.3801996,0,0,0,1
514,"Kerrville, TX Micro Area",Kerrville,48,1,1,23216,28432,TX,509.0219241,365.7143013,0,0,1,0
515,"Key West, FL Micro Area",Key West,12,1,0,25085,41773,FL,414.7906717,207.9848951,0,0,1,0
516,"Killeen-Temple, TX Metro Area",Temple,48,1,1,143070,26956,TX,329.2711312,272.1439522,0,0,1,0
518,"Kingsport-Bristol-Bristol, TN-VA Metro Area",Kingsport,51,1,2,53115,29174,VA,5576.23085,5253.092529,0,0,1,0
521,"Kingston, NY Metro Area",Kingston,36,1,1,23210,26962,NY,233.9055698,93.22492974,1,0,0,0
522,"Kingsville, TX Micro Area",Kingsville,48,0,1,25782,20417,TX,582.733741,347.8283314,0,0,1,0
523,"Kinston, NC Micro Area",Kinston,37,0,1,20659,23976,NC,131.8678678,219.3698128,0,0,1,0
524,"Kirksville, MO Micro Area",Kirksville,29,1,0,17483,17838,MO,372.4565389,219.1730191,0,1,0,0
525,"Klamath Falls, OR Micro Area",Klamath Falls,41,1,0,21138,23260,OR,1018.412548,373.1033508,0,0,0,1
526,"Knoxville, TN Metro Area",Knoxville,47,4,3,185429,25176,TN,274.6730944,212.0867055,0,0,1,0
527,"Kokomo, IN Metro Area",Kokomo,18,0,1,57947,25372,IN,6055.793848,5735.820434,0,1,0,0
528,"La Crosse-Onalaska, WI-MN Metro Area",Onalaska,55,1,0,51866,37098,WI,249.8660062,195.7507645,0,1,0,0
530,"La Grande, OR Micro Area",La Grande,41,0,0,13103,25635,OR,1171.91851,359.5589102,0,0,0,1
531,"LaGrange, GA Micro Area",LaGrange,13,0,0,30412,19988,GA,6324.991847,5996.081893,0,0,1,0
532,"Laconia, NH Micro Area",Laconia,33,0,0,16342,33443,NH,506.1996661,207.1888427,1,0,0,0
533,"Lafayette, LA Metro Area",Lafayette,22,2,2,126515,32224,LA,128.6723757,42.90037294,0,0,1,0
534,"Lafayette-West Lafayette, IN Metro Area",West Lafayette,18,1,1,72444,24851,IN,173.929724,199.8331692,0,1,0,0
536,"Lake Charles, LA Metro Area",Lake Charles,22,1,1,76267,27137,LA,146.8181051,213.8655695,0,0,1,0
537,"Lake City, FL Micro Area",Lake City,12,1,1,11977,23657,FL,94.0630625,275.7125925,0,0,1,0
538,"Lake Havasu City-Kingman, AZ Metro Area",Lake Havasu City,4,1,1,53952,30219,AZ,330.801684,203.8477601,0,0,0,1
540,"Lakeland-Winter Haven, FL Metro Area",Winter Haven,12,2,2,105958,26225,FL,60.15297409,293.2509777,0,0,1,0
542,"Lamesa, TX Micro Area",Lamesa,48,0,0,9264,24198,TX,631.301293,666.2099939,0,0,1,0
543,"Lancaster, PA Metro Area",Lancaster,42,1,2,59503,21571,PA,72.55048702,109.4950666,1,0,0,0
544,"Lansing-East Lansing, MI Metro Area",Lansing,26,1,2,116699,22196,MI,202.4220544,100.54118,0,1,0,0
546,"Laramie, WY Micro Area",Laramie,56,0,0,32178,24284,WY,67.37835953,112.6767453,0,0,0,1
547,"Laredo, TX Metro Area",Laredo,48,1,1,257575,17641,TX,698.3869088,473.6516479,0,0,1,0
548,"Las Cruces, NM Metro Area",Las Cruces,35,1,1,101742,23124,NM,988.9837463,395.3471585,0,0,0,1
549,"Las Vegas, NM Micro Area",Las Vegas,35,0,0,13341,19561,NM,616.6391435,532.0857973,0,0,0,1
550,"Las Vegas-Henderson-Paradise, NV Metro Area",Las Vegas,32,1,2,626637,37861,NV,325.6689014,22.67894557,0,0,0,1
552,"Laurel, MS Micro Area",Laurel,28,0,1,18607,21905,MS,448.7699805,219.8318104,0,0,1,0
553,"Laurinburg, NC Micro Area",Laurinburg,37,0,1,15253,17964,NC,171.2158179,147.1438907,0,0,1,0
554,"Lawrence, KS Metro Area",Lawrence,20,1,0,95294,29203,KS,635.5968266,46.04828396,0,1,0,0
555,"Lawrenceburg, TN Micro Area",Lawrenceburg,47,0,0,10684,20258,TN,587.8374335,109.5979898,0,0,1,0
556,"Lawton, OK Metro Area",Lawton,40,1,1,94697,23843,OK,332.8152352,277.3095664,0,0,1,0
557,"Lebanon, MO Micro Area",Lebanon,29,0,1,14637,19855,MO,550.1816222,238.1504503,0,1,0,0
558,"Lebanon, PA Metro Area",Lebanon,42,0,0,25739,18920,PA,40.95364987,127.0388668,1,0,0,0
559,"Levelland, TX Micro Area",Levelland,48,0,0,13686,22902,TX,667.1172895,649.414449,0,0,1,0
560,"Lewisburg, TN Micro Area",Lewisburg,47,0,0,11638,19572,TN,535.8735443,65.57142182,0,0,1,0
561,"Lewiston, ID-WA Metro Area",Lewiston,16,1,0,32604,27529,ID,1142.182931,447.3062108,0,0,0,1
562,"Lewiston-Auburn, ME Metro Area",Lewiston,23,1,1,36097,28264,ME,625.3111297,315.4400479,1,0,0,0
564,"Lexington, NE Micro Area",Lexington,31,0,0,10067,20370,NE,340.385991,113.0283688,0,1,0,0
565,"Liberal, KS Micro Area",Liberal,20,0,0,20251,19994,KS,566.1316019,451.7515203,0,1,0,0
566,"Lima, OH Metro Area",Lima,39,0,0,37335,18381,OH,50.87377659,128.40777,0,1,0,0
567,"Lincoln, IL Micro Area",Lincoln,17,0,0,13738,25939,IL,1370.801564,122.2693547,0,1,0,0
568,"Lincoln, NE Metro Area",Lincoln,31,2,1,280849,30013,NE,1370.801564,122.2693547,0,1,0,0
569,"Little Rock-North Little Rock-Conway, AR Metro Area",North Little Rock,5,3,2,198135,34546,AR,327.221654,371.4860103,0,0,1,0
572,"Lock Haven, PA Micro Area",Lock Haven,42,0,0,9345,17352,PA,111.4525052,171.4851972,1,0,0,0
573,"Logan, UT-ID Metro Area",Logan,49,0,0,50478,18764,UT,589.7722134,134.0308724,0,0,0,1
574,"Logan, WV Micro Area",Logan,54,0,0,1790,21016,WV,249.6144284,74.6964433,0,0,1,0
575,"Logansport, IN Micro Area",Logansport,18,1,0,18141,19556,IN,181.019413,193.0743913,0,1,0,0
576,"London, KY Micro Area",London,21,0,1,8020,23391,KY,323.0806685,193.5219189,0,0,1,0
577,"Longview, TX Metro Area",Longview,48,1,1,82256,25705,TX,88.30549141,309.8119958,0,0,1,0
578,"Longview, WA Metro Area",Longview,53,1,1,37092,25084,WA,1454.891428,71.54665827,0,0,0,1
579,"Los Alamos, NM Micro Area",Los Alamos,35,0,0,12373,57023,NM,576.3697986,496.8205528,0,0,0,1
580,"Los Angeles-Long Beach-Anaheim, CA Metro Area",Los Angeles,6,5,2,3959657,33420,CA,98.48398124,364.5146418,0,0,0,1
583,"Lubbock, TX Metro Area",Lubbock,48,2,1,250415,26594,TX,620.7611454,610.1094892,0,0,1,0
584,"Ludington, MI Micro Area",Ludington,26,1,1,8057,28689,MI,285.2687234,178.3737967,0,1,0,0
585,"Lufkin, TX Micro Area",Lufkin,48,1,1,35874,23134,TX,84.42722194,185.5432014,0,0,1,0
586,"Lumberton, NC Micro Area",Lumberton,37,0,1,21198,19489,NC,214.3774416,176.3702991,0,0,1,0
587,"Lynchburg, VA Metro Area",Lynchburg,51,1,1,80131,22972,VA,174.8520485,157.7063807,0,0,1,0
588,"Macomb, IL Micro Area",Macomb,17,0,0,18118,20583,IL,240.6966779,195.9476296,0,1,0,0
589,"Madera, CA Metro Area",Madera,6,1,1,64362,16610,CA,440.8412345,41.15234958,0,0,0,1
590,"Madison, IN Micro Area",Madison,18,0,1,11890,23334,IN,205.3850462,222.1536318,0,1,0,0
591,"Madison, WI Metro Area",Madison,55,2,0,252086,36372,WI,92.35039748,94.15256916,0,1,0,0
592,"Madisonville, KY Micro Area",Madisonville,21,0,1,19138,23656,KY,479.1290081,167.1092742,0,0,1,0
593,"Magnolia, AR Micro Area",Magnolia,5,0,0,11573,21694,AR,185.094171,407.7742841,0,0,1,0
594,"Malone, NY Micro Area",Malone,36,0,0,5694,24583,NY,489.1340494,208.7965051,1,0,0,0
595,"Malvern, AR Micro Area",Malvern,5,0,0,10853,18926,AR,258.5856617,351.1427439,0,0,1,0
596,"Manchester-Nashua, NH Metro Area",Nashua,33,2,1,111657,38435,NH,474.1807377,157.0766335,1,0,0,0
598,"Manhattan, KS Metro Area",Manhattan,20,1,0,55489,26777,KS,676.5596847,72.08693929,0,1,0,0
599,"Manitowoc, WI Micro Area",Manitowoc,55,0,1,32798,26632,WI,233.2190329,128.3228178,0,1,0,0
600,"Mankato-North Mankato, MN Metro Area",North Mankato,27,1,0,41701,35149,MN,453.4585049,113.767724,0,1,0,0
602,"Mansfield, OH Metro Area",Mansfield,39,0,0,46638,19584,OH,100.6642417,109.0472213,0,1,0,0
603,"Marietta, OH Micro Area",Marietta,39,0,1,13718,25481,OH,259.710898,140.1391799,0,1,0,0
604,"Marinette, WI-MI Micro Area",Marinette,55,0,0,10678,24529,WI,335.6697831,236.9747354,0,1,0,0
605,"Marion, IN Micro Area",Marion,18,0,1,28118,18327,IN,256.351041,175.0012459,0,1,0,0
606,"Marion, NC Micro Area",Marion,37,0,0,7839,17075,NC,102.0722217,204.7945238,0,0,1,0
607,"Marion, OH Micro Area",Marion,39,0,1,36268,18478,OH,66.82132888,78.58298256,0,1,0,0
608,"Marquette, MI Micro Area",Marquette,26,0,1,20932,23345,MI,478.5307699,384.8349947,0,1,0,0
609,"Marshall, MN Micro Area",Marshall,27,0,0,13706,29809,MN,884.9127209,454.6037003,0,1,0,0
610,"Marshall, MO Micro Area",Marshall,29,0,0,13001,20013,MO,492.3035086,222.2843307,0,1,0,0
611,"Marshall, TX Micro Area",Marshall,48,0,1,23315,21277,TX,107.0947767,323.294263,0,0,1,0
612,"Marshalltown, IA Micro Area",Marshalltown,19,0,0,27275,24060,IA,316.5521807,101.4807245,0,1,0,0
613,"Martin, TN Micro Area",Martin,47,0,0,10721,18375,TN,587.1853024,207.2733376,0,0,1,0
614,"Martinsville, VA Micro Area",Martinsville,51,0,1,13101,22669,VA,135.985,69.0552684,0,0,1,0
615,"Maryville, MO Micro Area",Maryville,29,0,0,11771,18567,MO,528.8812887,135.5141117,0,1,0,0
616,"Mason City, IA Micro Area",Mason City,19,0,0,27309,29199,IA,350.3901505,174.7002549,0,1,0,0
617,"Mayfield, KY Micro Area",Mayfield,21,0,1,9940,17540,KY,541.6362691,201.0715362,0,0,1,0
618,"Maysville, KY Micro Area",Maysville,21,0,1,8797,24412,KY,266.6195722,115.9331613,0,0,1,0
619,"McAlester, OK Micro Area",McAlester,40,0,0,18095,23050,OK,200.4110375,137.1027586,0,0,1,0
620,"McAllen-Edinburg-Mission, TX Metro Area",Mission,48,1,1,141597,22444,TX,724.6554967,488.6314439,0,0,1,0
623,"McComb, MS Micro Area",McComb,28,0,0,12723,16250,MS,323.7629674,146.463723,0,0,1,0
624,"McMinnville, TN Micro Area",McMinnville,47,0,0,13650,18214,TN,441.8114855,82.08896813,0,0,1,0
625,"McPherson, KS Micro Area",McPherson,20,0,0,13041,31361,KS,615.4860482,180.4455944,0,1,0,0
626,"Meadville, PA Micro Area",Meadville,42,1,0,12949,22777,PA,300.3235668,88.04087085,1,0,0,0
627,"Medford, OR Metro Area",Medford,41,0,1,80051,25644,OR,1069.262555,355.2232935,0,0,0,1
628,"Memphis, TN-MS-AR Metro Area",Memphis,47,5,2,653248,24243,TN,524.1027412,328.8286295,0,0,1,0
629,"Menomonie, WI Micro Area",Menomonie,55,0,0,16312,22086,WI,368.4581094,93.71998161,0,1,0,0
630,"Merced, CA Metro Area",Merced,6,1,1,82289,20363,CA,493.8230325,99.43581118,0,0,0,1
631,"Meridian, MS Micro Area",Meridian,28,0,1,38602,22277,MS,497.4175958,201.9055594,0,0,1,0
632,"Merrill, WI Micro Area",Merrill,55,0,0,9178,27319,WI,326.6926575,267.5590415,0,1,0,0
633,"Mexico, MO Micro Area",Mexico,29,0,0,11544,20492,MO,413.2573491,153.5232233,0,1,0,0
634,"Miami, OK Micro Area",Miami,40,0,0,13335,19088,OK,410.5333574,127.8626425,0,0,1,0
635,"Miami-Fort Lauderdale-West Palm Beach, FL Metro Area",West Palm Beach,12,3,1,451214,41887,FL,303.862356,97.65039279,0,0,1,0
638,"Michigan City-La Porte, IN Metro Area",Michigan City,18,0,1,31251,21036,IN,255.5351401,95.19677668,0,1,0,0
640,"Middlesborough, KY Micro Area",Middlesborough,21,0,0,9583,14720,KY,270.5737222,229.219563,0,0,1,0
641,"Midland, MI Metro Area",Midland,26,1,1,41963,36060,MI,218.1701535,143.1670888,0,1,0,0
642,"Midland, TX Metro Area",Midland,48,1,1,135134,40048,TX,656.7924775,687.8202596,0,0,1,0
643,"Milledgeville, GA Micro Area",Milledgeville,13,0,1,18813,15168,GA,249.2485275,146.4470224,0,0,1,0
644,"Milwaukee-Waukesha-West Allis, WI Metro Area",West Allis,55,1,0,596886,32286,WI,128.1477298,25.31816246,0,1,0,0
647,"Mineral Wells, TX Micro Area",Mineral Wells,48,0,0,15041,19718,TX,273.3062282,419.2445895,0,0,1,0
648,"Minneapolis-St. Paul-Bloomington, MN-WI Metro Area",St. Paul,55,1,0,416021,40078,WI,451.2624312,112.1743191,0,1,0,0
652,"Minot, ND Micro Area",Minot,38,1,0,48304,34691,ND,835.9662863,725.7192193,0,1,0,0
653,"Missoula, MT Metro Area",Missoula,30,1,1,72125,29244,MT,971.8754421,670.7199482,0,0,0,1
654,"Mitchell, SD Micro Area",Mitchell,46,0,0,15722,28322,SD,627.5542343,321.7783714,0,1,0,0
655,"Moberly, MO Micro Area",Moberly,29,0,1,13762,18448,MO,423.8502129,208.2745666,0,1,0,0
656,"Mobile, AL Metro Area",Mobile,1,2,3,191485,26023,AL,114.7203047,360.6732029,0,0,1,0
657,"Modesto, CA Metro Area",Modesto,6,0,0,211336,26458,CA,547.0377893,146.7988135,0,0,0,1
658,"Monroe, LA Metro Area",Monroe,22,0,0,48663,21845,LA,365.9171959,170.3127332,0,0,1,0
659,"Monroe, MI Metro Area",Monroe,26,0,0,19947,24865,MI,365.9171959,170.3127332,0,1,0,0
660,"Montgomery, AL Metro Area",Montgomery,1,2,1,200156,27172,AL,461.8803031,170.3620269,0,0,1,0
661,"Montrose, CO Micro Area",Montrose,8,1,0,19096,25802,CO,419.2808954,350.0096295,0,0,0,1
662,"Morehead City, NC Micro Area",Morehead City,37,0,1,9304,33547,NC,317.7147343,90.56437119,0,0,1,0
663,"Morgan City, LA Micro Area",Morgan City,22,0,0,11452,23444,LA,318.0765384,100.6255444,0,0,1,0
664,"Morgantown, WV Metro Area",Morgantown,54,0,1,30539,25937,WV,335.9814271,220.1326974,0,0,1,0
665,"Morristown, TN Metro Area",Morristown,47,1,1,29547,18569,TN,222.2892998,253.964046,0,0,1,0
666,"Moscow, ID Micro Area",Moscow,16,0,0,25174,23395,ID,1156.669014,443.7568143,0,0,0,1
667,"Moses Lake, WA Micro Area",Moses Lake,53,1,1,22663,24860,WA,1331.721858,268.2459383,0,0,0,1
668,"Moultrie, GA Micro Area",Moultrie,13,1,1,14109,18752,GA,221.3548128,178.6012021,0,0,1,0
669,"Mount Airy, NC Micro Area",Mount Airy,37,0,1,10227,25594,NC,83.42644016,87.206169,0,0,1,0
670,"Mount Pleasant, MI Micro Area",Mount Pleasant,26,1,0,25691,19428,MI,298.4824901,167.6067467,0,1,0,0
671,"Mount Pleasant, TX Micro Area",Mount Pleasant,48,1,1,16100,18366,TX,23.8248086,345.6213102,0,0,1,0
672,"Mount Sterling, KY Micro Area",Mount Sterling,21,0,0,7180,22215,KY,332.3971488,137.2036728,0,0,1,0
673,"Mount Vernon, IL Micro Area",Mount Vernon,17,0,1,14804,25980,IL,370.2826999,122.5424573,0,1,0,0
674,"Mount Vernon, OH Micro Area",Mount Vernon,39,0,1,16669,22321,OH,121.9084363,76.87285594,0,1,0,0
675,"Mount Vernon-Anacortes, WA Metro Area",Mount Vernon,53,0,1,34504,38968,WA,1622.755059,164.6438633,0,0,0,1
677,"Mountain Home, AR Micro Area",Mountain Home,5,1,1,12303,26253,AR,435.4050305,319.52854,0,0,1,0
678,"Mountain Home, ID Micro Area",Mountain Home,16,0,0,13998,23330,ID,924.8589107,430.0495094,0,0,0,1
679,"Muncie, IN Metro Area",Muncie,18,0,1,69164,19306,IN,174.4762386,198.7891719,0,1,0,0
680,"Murray, KY Micro Area",Murray,21,0,1,19037,18064,KY,554.9844739,169.0287801,0,0,1,0
681,"Muscatine, IA Micro Area",Muscatine,19,0,0,23864,25576,IA,189.9621947,78.92652703,0,1,0,0
682,"Muskegon, MI Metro Area",Muskegon,26,0,0,37969,16475,MI,241.948546,163.2583462,0,1,0,0
683,"Muskogee, OK Micro Area",Muskogee,40,0,1,37900,21845,OK,284.6155824,72.17204954,0,0,1,0
684,"Myrtle Beach-Conway-North Myrtle Beach, SC-NC Metro Area",North Myrtle Beach,45,2,3,31783,39616,SC,330.0907908,339.6309177,0,0,1,0
688,"Nacogdoches, TX Micro Area",Nacogdoches,48,0,1,33610,19988,TX,73.00052743,216.8867026,0,0,1,0
689,"Napa, CA Metro Area",Napa,6,1,0,79516,38505,CA,676.9755687,280.6250169,0,0,0,1
690,"Naples-Immokalee-Marco Island, FL Metro Area",Naples,12,2,2,21564,100388,FL,262.7905043,155.0364538,0,0,1,0
692,"Nashville-Davidson--Murfreesboro--Franklin, TN Metro Area",Murfreesboro,47,1,1,130968,46470,TN,540.4671034,27.76272885,0,0,1,0
694,"Natchez, MS-LA Micro Area",Natchez,28,0,0,15188,18722,MS,232.7099167,213.2058512,0,0,1,0
696,"Natchitoches, LA Micro Area",Natchitoches,22,0,0,18080,15804,LA,80.90506104,311.3846777,0,0,1,0
697,"New Bern, NC Metro Area",New Bern,37,0,1,29958,27224,NC,156.0567016,271.0207035,0,0,1,0
698,"New Castle, IN Micro Area",New Castle,18,0,0,17402,20065,IN,191.1035823,188.943508,0,1,0,0
699,"New Castle, PA Micro Area",New Castle,42,0,0,22188,21086,PA,277.8511992,144.5593908,1,0,0,0
700,"New Haven-Milford, CT Metro Area",New Haven,9,0,1,130529,25818,CT,288.2816141,55.51368869,1,0,0,0
701,"New Orleans-Metairie, LA Metro Area",New Orleans,22,2,1,389648,30177,LA,397.5732385,12.88388815,0,0,1,0
702,"New Philadelphia-Dover, OH Micro Area",New Philadelphia,39,0,1,17432,28366,OH,195.9632276,155.6988486,0,1,0,0
704,"New Ulm, MN Micro Area",New Ulm,27,0,0,13248,30894,MN,491.0122547,129.0134856,0,1,0,0
705,"New York-Newark-Jersey City, NY-NJ-PA Metro Area",Newark,36,2,1,8443713,38477,NY,270.6731989,148.5938659,1,0,0,0
709,"Newberry, SC Micro Area",Newberry,45,0,1,10289,18766,SC,180.0547366,227.0458249,0,0,1,0
710,"Newport, OR Micro Area",Newport,41,0,0,10381,26490,OR,1340.258038,146.4010002,0,0,0,1
711,"Newport, TN Micro Area",Newport,47,0,1,6757,15004,TN,208.736571,232.5718194,0,0,1,0
712,"Newton, IA Micro Area",Newton,19,0,0,15167,23914,IA,334.200479,119.9148403,0,1,0,0
713,"Niles-Benton Harbor, MI Metro Area",Niles,26,1,1,11265,18950,MI,164.2146233,143.7038305,0,1,0,0
715,"Nogales, AZ Micro Area",Nogales,4,1,0,20288,16513,AZ,649.8941995,97.94118354,0,0,0,1
716,"Norfolk, NE Micro Area",Norfolk,31,0,0,24446,27428,NE,10501.09749,10481.72993,0,1,0,0
717,"North Platte, NE Micro Area",North Platte,31,0,0,24011,27004,NE,340.4460224,370.4833935,0,1,0,0
718,"North Port-Sarasota-Bradenton, FL Metro Area",Sarasota,12,1,1,64425,37220,FL,160.6063804,292.1038782,0,0,1,0
721,"North Vernon, IN Micro Area",North Vernon,18,0,0,6662,23285,IN,281.8310482,84.30401212,0,1,0,0
722,"Norwalk, OH Micro Area",Norwalk,39,0,0,16881,24178,OH,89.70032171,151.8391883,0,1,0,0
723,"Norwich-New London, CT Metro Area",Norwich,9,0,0,39567,29957,CT,363.1736248,69.83656987,1,0,0,0
725,"Oak Harbor, WA Micro Area",Oak Harbor,53,1,0,22820,25860,WA,1614.917214,141.3815905,0,0,0,1
726,"Ocala, FL Metro Area",Ocala,12,1,3,58598,25520,FL,122.334311,357.8201794,0,0,1,0
727,"Ocean City, NJ Metro Area",Ocean City,34,0,0,11202,48933,NJ,213.0465427,82.81897603,1,0,0,0
728,"Odessa, TX Metro Area",Odessa,48,0,0,118582,30606,TX,687.4305705,708.5522609,0,0,1,0
729,"Ogden-Clearfield, UT Metro Area",Ogden,49,0,0,86126,23019,UT,604.798213,78.10353877,0,0,0,1
731,"Ogdensburg-Massena, NY Micro Area",Ogdensburg,36,1,1,10748,25434,NY,483.8691214,204.6106357,1,0,0,0
733,"Oil City, PA Micro Area",Oil City,42,0,0,9982,22543,PA,301.0252428,73.16806497,1,0,0,0
734,"Okeechobee, FL Micro Area",Okeechobee,12,1,0,5638,20841,FL,112.0857316,180.5444771,0,0,1,0
735,"Oklahoma City, OK Metro Area",Oklahoma City,40,5,3,637284,29581,OK,330.1198481,157.1947649,0,0,1,0
736,"Olean, NY Micro Area",Olean,36,1,0,13805,25785,NY,237.8903236,63.68295969,1,0,0,0
737,"Olympia-Tumwater, WA Metro Area",Tumwater,53,1,1,50836,34017,WA,1548.173163,8.102280664,0,0,0,1
739,"Omaha-Council Bluffs, NE-IA Metro Area",Omaha,31,3,3,465112,31798,NE,579.9804589,6.462477724,0,1,0,0
741,"Oneonta, NY Micro Area",Oneonta,36,1,1,13834,20447,NY,219.8520292,74.61637205,1,0,0,0
742,"Ontario, OR-ID Micro Area",Ontario,41,1,0,10997,18984,OR,1045.927013,481.4610153,0,0,0,1
743,"Opelousas, LA Micro Area",Opelousas,22,0,1,16399,15946,LA,196.05999,192.3835933,0,0,1,0
744,"Orangeburg, SC Micro Area",Orangeburg,45,0,1,13120,17859,SC,254.1459466,135.8892723,0,0,1,0
745,"Orlando-Kissimmee-Sanford, FL Metro Area",Sanford,12,8,5,275690,29930,FL,59.20823435,341.6828829,0,0,1,0
748,"Oshkosh-Neenah, WI Metro Area",Oshkosh,55,0,1,66610,32961,WI,218.7821636,131.780208,0,1,0,0
750,"Oskaloosa, IA Micro Area",Oskaloosa,19,0,0,11505,24976,IA,314.4039489,115.5152839,0,1,0,0
751,"Othello, WA Micro Area",Othello,53,0,0,7980,17341,WA,1310.745008,277.4811836,0,0,0,1
752,"Ottawa, KS Micro Area",Ottawa,20,0,0,12275,24072,KS,649.886567,164.2689446,0,1,0,0
753,"Ottawa-Peru, IL Micro Area",Peru,17,1,0,18701,30819,IL,3950.081301,3664.704375,0,1,0,0
755,"Ottumwa, IA Micro Area",Ottumwa,19,0,0,24676,22851,IA,309.3118465,129.2270897,0,1,0,0
756,"Owatonna, MN Micro Area",Owatonna,27,0,1,25656,31082,MN,391.6211409,96.78583394,0,1,0,0
757,"Owensboro, KY Metro Area",Owensboro,21,1,1,59188,24716,KY,435.9077541,130.2862249,0,0,1,0
758,"Owosso, MI Micro Area",Owosso,26,1,0,14604,21909,MI,221.5360665,86.45739344,0,1,0,0
759,"Oxford, MS Micro Area",Oxford,28,1,0,23037,26728,MS,519.3671392,279.4588866,0,0,1,0
760,"Oxford, NC Micro Area",Oxford,37,0,0,8648,23524,NC,93.89553846,111.2184335,0,0,1,0
761,"Oxnard-Thousand Oaks-Ventura, CA Metro Area",Thousand Oaks,6,1,1,207568,50747,CA,186.1136153,295.7608759,0,0,0,1
763,"Ozark, AL Micro Area",Ozark,1,0,0,14456,23498,AL,235.6842387,128.5627468,0,0,1,0
764,"Paducah, KY-IL Micro Area",Paducah,21,1,2,24879,30347,KY,503.5552681,216.0666151,0,0,1,0
765,"Palatka, FL Micro Area",Palatka,12,1,1,10320,16296,FL,152.0472594,296.6921791,0,0,1,0
766,"Palestine, TX Micro Area",Palestine,48,0,1,18237,19646,TX,162.395025,223.5066738,0,0,1,0
767,"Palm Bay-Melbourne-Titusville, FL Metro Area",Titusville,12,1,1,110271,27623,FL,82.58525419,309.7029196,0,0,1,0
770,"Pampa, TX Micro Area",Pampa,48,0,0,17793,25479,TX,588.5907217,453.9131421,0,0,1,0
771,"Panama City, FL Metro Area",Panama City,12,2,1,36880,25156,FL,239.9821468,272.1239748,0,0,1,0
772,"Paragould, AR Micro Area",Paragould,5,0,1,28296,22934,AR,537.825813,288.8476414,0,0,1,0
773,"Paris, TN Micro Area",Paris,47,0,1,10042,18355,TN,589.2172987,160.1038632,0,0,1,0
774,"Paris, TX Micro Area",Paris,48,1,0,24842,20127,TX,61.27089875,279.5406387,0,0,1,0
775,"Parkersburg-Vienna, WV Metro Area",Vienna,54,1,1,30328,33449,WV,265.8623025,126.6345232,0,0,1,0
777,"Parsons, KS Micro Area",Parsons,20,0,0,9876,21724,KS,461.0706962,146.9146681,0,1,0,0
778,"Payson, AZ Micro Area",Payson,4,1,0,15439,29636,AZ,506.3807327,267.7152314,0,0,0,1
779,"Pecos, TX Micro Area",Pecos,48,0,0,9814,24181,TX,764.2807874,724.6274801,0,0,1,0
780,"Pella, IA Micro Area",Pella,19,0,0,10273,29640,IA,331.6081704,124.5966562,0,1,0,0
781,"Pensacola-Ferry Pass-Brent, FL Metro Area",Pensacola,12,0,0,52562,30595,FL,380.3165526,292.4927397,0,0,1,0
782,"Peoria, IL Metro Area",Peoria,17,0,0,114512,30158,IL,154.3080332,198.7931342,0,1,0,0
783,"Peru, IN Micro Area",Peru,18,0,0,11460,20218,IN,4122.75045,3836.954335,0,1,0,0
784,"Philadelphia-Camden-Wilmington, PA-NJ-DE-MD Metro Area",Wilmington,42,5,4,1575522,29706,PA,5732.763081,5410.767818,1,0,1,0
788,"Phoenix-Mesa-Scottsdale, AZ Metro Area",Scottsdale,4,9,4,1610071,59953,AZ,502.5442854,170.4856573,0,0,0,1
791,"Picayune, MS Micro Area",Picayune,28,1,0,11140,19153,MS,410.7188873,82.13386268,0,0,1,0
792,"Pierre, SD Micro Area",Pierre,46,0,0,13988,33103,SD,512.1700333,499.4412933,0,1,0,0
793,"Pine Bluff, AR Metro Area",Pine Bluff,5,0,1,43840,18180,AR,318.6533664,421.4371314,0,0,1,0
794,"Pinehurst-Southern Pines, NC Micro Area",Southern Pines,37,0,1,15821,48194,NC,149.9422497,101.2711808,0,0,1,0
796,"Pittsburg, KS Micro Area",Pittsburg,20,1,0,20280,19066,KS,471.1944598,180.6067453,0,1,0,0
797,"Pittsburgh, PA Metro Area",Pittsburgh,42,0,0,303587,31972,PA,316.2257318,182.0365461,1,0,0,0
798,"Pittsfield, MA Metro Area",Pittsfield,25,1,0,43058,30168,MA,317.6682729,87.81919867,1,0,0,0
799,"Plainview, TX Micro Area",Plainview,48,0,0,20714,19842,TX,611.2681629,564.4671594,0,0,1,0
800,"Platteville, WI Micro Area",Platteville,55,0,0,12301,19826,WI,124.873613,125.3103949,0,1,0,0
801,"Plattsburgh, NY Micro Area",Plattsburgh,36,0,1,19515,24540,NY,500.4726314,228.7781536,1,0,0,0
802,"Plymouth, IN Micro Area",Plymouth,18,0,1,9996,18691,IN,490.5085832,164.3379564,0,1,0,0
803,"Pocatello, ID Metro Area",Pocatello,16,0,1,55162,23752,ID,659.5516635,264.7435995,0,0,0,1
804,"Point Pleasant, WV-OH Micro Area",Point Pleasant,54,0,0,4194,20233,WV,276.0803031,54.29769264,0,0,1,0
805,"Ponca City, OK Micro Area",Ponca City,40,0,1,24424,24476,OK,425.6716729,115.0345657,0,0,1,0
806,"Pontiac, IL Micro Area",Pontiac,17,0,0,11804,23535,IL,88.30918538,136.3705015,0,1,0,0
807,"Poplar Bluff, MO Micro Area",Poplar Bluff,29,1,0,17107,19371,MO,570.8666998,210.8932894,0,1,0,0
808,"Port Angeles, WA Micro Area",Port Angeles,53,0,0,19615,25816,WA,1661.988666,130.1329822,0,0,0,1
809,"Port Clinton, OH Micro Area",Port Clinton,39,0,0,5939,28178,OH,79.35447514,114.0757966,0,1,0,0
810,"Port Lavaca, TX Micro Area",Port Lavaca,48,0,0,12303,25676,TX,411.5964695,176.226967,0,0,1,0
811,"Port St. Lucie, FL Metro Area",Port St. Lucie,12,0,1,183762,25947,FL,151.9396822,159.3042691,0,0,1,0
812,"Portales, NM Micro Area",Portales,35,0,0,11974,18037,NM,760.09013,703.3604461,0,0,0,1
813,"Portland-South Portland, ME Metro Area",South Portland,23,2,1,66735,36385,ME,595.7504313,276.5539242,1,0,0,0
815,"Portland-Vancouver-Hillsboro, OR-WA Metro Area",Vancouver,53,4,1,639387,38674,WA,1395.058818,24.66151098,0,0,0,1
818,"Portsmouth, OH Micro Area",Portsmouth,39,0,0,20366,20887,OH,262.482139,59.25545855,0,1,0,0
819,"Pottsville, PA Micro Area",Pottsville,42,0,1,13728,25654,PA,5.679711529,129.3908533,1,0,0,0
820,"Prescott, AZ Metro Area",Prescott,4,1,1,42068,32993,AZ,446.8320128,292.1693782,0,0,0,1
821,"Price, UT Micro Area",Price,49,0,0,8281,20670,UT,536.6308246,136.4802563,0,0,0,1
822,"Prineville, OR Micro Area",Prineville,41,0,0,9748,19451,OR,1208.280188,198.7105651,0,0,0,1
823,"Providence-Warwick, RI-MA Metro Area",Warwick,44,1,2,179435,37795,RI,425.3823775,96.30218988,1,0,0,0
825,"Provo-Orem, UT Metro Area",Provo,49,1,1,116146,23818,UT,588.1855616,36.69894755,0,0,0,1
827,"Pueblo, CO Metro Area",Pueblo,8,1,1,109985,22386,CO,2037.284245,1745.39569,0,0,0,1
828,"Pullman, WA Micro Area",Pullman,53,0,0,33050,18981,WA,1168.306705,430.5841886,0,0,0,1
829,"Punta Gorda, FL Metro Area",Punta Gorda,12,1,0,19123,45839,FL,163.5429992,212.6154691,0,0,1,0
830,"Quincy, IL-MO Micro Area",Quincy,17,1,1,40428,27874,IL,324.219381,174.4768204,0,1,0,0
831,"Racine, WI Metro Area",Racine,55,1,0,77576,21768,WI,119.0438033,48.50432601,0,1,0,0
832,"Raleigh, NC Metro Area",Raleigh,37,2,2,457159,36875,NC,122.4538212,108.9789101,0,0,1,0
833,"Rapid City, SD Metro Area",Rapid City,46,0,1,73721,30077,SD,352.4660357,437.6094743,0,1,0,0
834,"Raymondville, TX Micro Area",Raymondville,48,0,0,11051,11173,TX,669.4920927,433.8357271,0,0,1,0
835,"Reading, PA Metro Area",Reading,42,0,0,88211,14502,PA,48.56912768,88.45712041,1,0,0,0
836,"Red Bluff, CA Micro Area",Red Bluff,6,1,0,14132,18077,CA,837.8369941,437.5570197,0,0,0,1
837,"Red Wing, MN Micro Area",Red Wing,27,0,0,16365,30583,MN,377.2934326,62.28172391,0,1,0,0
838,"Redding, CA Metro Area",Redding,6,1,1,91327,28811,CA,882.967763,483.5122841,0,0,0,1
839,"Reno, NV Metro Area",Reno,32,4,1,242633,31477,NV,677.8693442,309.3282678,0,0,0,1
840,"Rexburg, ID Micro Area",Rexburg,16,0,0,27957,13802,ID,645.443328,366.4797215,0,0,0,1
841,"Richmond, IN Micro Area",Richmond,18,0,1,35653,22814,IN,14301.57051,13704.23901,0,1,0,0
842,"Richmond, VA Metro Area",Richmond,51,2,1,223787,31635,VA,14301.57051,13704.23901,0,0,1,0
843,"Richmond-Berea, KY Micro Area",Richmond,21,0,1,34566,20641,KY,369.8420611,149.4745032,0,0,1,0
845,"Rio Grande City, TX Micro Area",Rio Grande City,48,0,0,14415,17870,TX,740.4293299,505.0871467,0,0,1,0
846,"Riverside-San Bernardino-Ontario, CA Metro Area",San Bernardino,6,2,1,323935,25012,CA,891.5543345,775.0426688,0,0,0,1
849,"Riverton, WY Micro Area",Riverton,56,0,0,11069,29145,WY,1229.373799,937.3168754,0,0,0,1
850,"Roanoke Rapids, NC Micro Area",Roanoke Rapids,37,0,1,14937,22229,NC,8.672502553,196.81698,0,0,1,0
851,"Roanoke, VA Metro Area",Roanoke,51,2,3,99621,26119,VA,185.6137116,133.6507119,0,0,1,0
852,"Rochelle, IL Micro Area",Rochelle,17,0,0,9196,24381,IL,5881.831014,5551.207625,0,1,0,0
853,"Rochester, MN Metro Area",Rochester,27,1,1,113913,38647,MN,336.0994886,114.8459644,0,1,0,0
854,"Rochester, NY Metro Area",Rochester,36,4,2,207778,22190,NY,296.0598457,184.8509847,1,0,0,0
855,"Rock Springs, WY Micro Area",Rock Springs,56,1,0,23633,33034,WY,371.3667423,251.5986123,0,0,0,1
856,"Rockford, IL Metro Area",Rockford,17,1,1,147881,24713,IL,0.0,97.49579323,0,1,0,0
857,"Rockingham, NC Micro Area",Rockingham,37,0,1,8994,21186,NC,137.8130896,125.7518471,0,0,1,0
858,"Rocky Mount, NC Metro Area",Rocky Mount,37,0,1,54982,23077,NC,60.32155303,180.5510795,0,0,1,0
859,"Rolla, MO Micro Area",Rolla,29,0,1,20117,20753,MO,508.0505213,154.8381728,0,1,0,0
860,"Rome, GA Metro Area",Rome,13,1,1,36185,24899,GA,153.2073723,198.7922919,0,0,1,0
861,"Roseburg, OR Micro Area",Roseburg,41,1,1,22988,26498,OR,1174.350529,261.4590343,0,0,0,1
862,"Roswell, NM Micro Area",Roswell,35,1,0,48186,21299,NM,860.0394024,617.9423399,0,0,0,1
863,"Ruidoso, NM Micro Area",Ruidoso,35,0,0,7757,27487,NM,869.880369,511.6316069,0,0,0,1
864,"Russellville, AR Micro Area",Russellville,5,0,1,29244,19205,AR,301.5760113,276.3973444,0,0,1,0
865,"Ruston, LA Micro Area",Ruston,22,0,1,22055,17773,LA,166.3616586,368.4939065,0,0,1,0
866,"Rutland, VT Micro Area",Rutland,50,0,0,15577,28962,VT,422.4795168,194.0037609,1,0,0,0
867,"Sacramento--Roseville--Arden-Arcade, CA Metro Area",Sacramento,6,2,1,495011,39759,CA,660.9934326,259.7105426,0,0,0,1
869,"Safford, AZ Micro Area",Safford,4,0,0,9735,20875,AZ,708.1025762,136.9897084,0,0,0,1
870,"Saginaw, MI Metro Area",Saginaw,26,2,1,48997,16713,MI,265.3623839,113.8442351,0,1,0,0
871,"Salem, OH Micro Area",Salem,39,0,0,11870,28869,OH,235.6534581,182.9884548,0,1,0,0
872,"Salem, OR Metro Area",Salem,41,2,1,166756,26423,OR,1334.921315,70.46331513,0,0,0,1
873,"Salina, KS Micro Area",Salina,20,0,1,47230,26598,KS,663.3476971,161.6297388,0,1,0,0
874,"Salinas, CA Metro Area",Salinas,6,1,1,156550,20504,CA,514.9707412,167.2600127,0,0,0,1
875,"Salisbury, MD-DE Metro Area",Salisbury,24,1,1,32536,21069,MD,264.2758731,181.0071133,0,0,1,0
876,"Salt Lake City, UT Metro Area",Salt Lake City,49,3,1,195701,34711,UT,596.3286945,26.16262767,0,0,0,1
877,"San Angelo, TX Metro Area",San Angelo,48,1,1,99634,27726,TX,526.897455,521.765381,0,0,1,0
878,"San Antonio-New Braunfels, TX Metro Area",San Antonio,48,12,10,1486521,31702,TX,498.8368318,305.2309058,0,0,1,0
880,"San Diego-Carlsbad, CA Metro Area",San Diego,6,0,1,1401932,55518,CA,118.2883985,429.4726525,0,0,0,1
882,"San Francisco-Oakland-Hayward, CA Metro Area",San Francisco,6,1,0,870044,64157,CA,645.4815305,260.6621113,0,0,0,1
885,"San Jose-Sunnyvale-Santa Clara, CA Metro Area",Sunnyvale,6,1,1,1026658,62891,CA,589.9551487,212.093448,0,0,0,1
888,"San Luis Obispo-Paso Robles-Arroyo Grande, CA Metro Area",San Luis Obispo,6,0,0,47160,39245,CA,342.6376954,193.9924356,0,0,0,1
890,"Sandpoint, ID Micro Area",Sandpoint,16,0,0,8144,24623,ID,1219.652628,489.8070129,0,0,0,1
891,"Sandusky, OH Micro Area",Sandusky,39,0,0,25012,22938,OH,91.176927,126.9320588,0,1,0,0
892,"Sanford, NC Micro Area",Sanford,37,0,1,29274,22567,NC,158.2269373,85.93222997,0,0,1,0
893,"Santa Cruz-Watsonville, CA Metro Area",Watsonville,6,1,0,64273,36712,CA,564.1970499,199.6033693,0,0,0,1
895,"Santa Fe, NM Metro Area",Santa Fe,35,1,1,83847,35935,NM,613.0494091,527.3236745,0,0,0,1
896,"Santa Maria-Santa Barbara, CA Metro Area",Santa Maria,6,1,1,105483,43939,CA,322.3058881,257.2163706,0,0,0,1
898,"Santa Rosa, CA Metro Area",Santa Rosa,6,0,0,181038,34902,CA,714.6003793,320.2450773,0,0,0,1
899,"Sault Ste. Marie, MI Micro Area",Sault Ste. Marie,26,0,0,13712,23142,MI,601.5668949,451.8667426,0,1,0,0
900,"Savannah, GA Metro Area",Savannah,13,2,1,145342,24153,GA,244.7010176,19.82225184,0,0,1,0
901,"Sayre, PA Micro Area",Sayre,42,0,1,5491,27194,PA,144.6780413,161.5810283,1,0,0,0
902,"Scottsbluff, NE Micro Area",Scottsbluff,31,1,0,14805,23818,NE,125.6031335,200.889437,0,1,0,0
903,"Scottsboro, AL Micro Area",Scottsboro,1,1,0,14527,24672,AL,484.3477102,157.0552589,0,0,1,0
904,"Scranton--Wilkes-Barre--Hazleton, PA Metro Area",Scranton,42,0,0,76869,21625,PA,94.3585737,160.2805951,1,0,0,0
906,"Searcy, AR Micro Area",Searcy,5,0,1,23853,22011,AR,379.4823131,297.2253937,0,0,1,0
907,"Seattle-Tacoma-Bellevue, WA Metro Area",Tacoma,53,3,2,708823,63115,WA,1564.650134,80.21741582,0,0,0,1
910,"Sebastian-Vero Beach, FL Metro Area",Vero Beach,12,1,1,24536,44018,FL,122.9473226,217.8807858,0,0,1,0
912,"Sebring, FL Metro Area",Sebring,12,1,1,10636,22083,FL,88.2894959,215.2707492,0,0,1,0
913,"Sedalia, MO Micro Area",Sedalia,29,0,1,21642,21347,MO,528.3877667,222.647831,0,1,0,0
914,"Selma, AL Micro Area",Selma,1,0,0,18804,16542,AL,395.6612694,94.71319901,0,0,1,0
915,"Seneca, SC Micro Area",Seneca,45,1,1,8290,25699,SC,223.9018869,139.4490811,0,0,1,0
916,"Sevierville, TN Micro Area",Sevierville,47,1,1,16439,23830,TN,241.8553651,209.7378979,0,0,1,0
917,"Seymour, IN Micro Area",Seymour,18,1,0,19357,22748,IN,378.1874745,412.5415677,0,1,0,0
918,"Shawano, WI Micro Area",Shawano,55,0,0,9009,25245,WI,281.6987286,199.0475795,0,1,0,0
919,"Shawnee, OK Micro Area",Shawnee,40,0,1,31141,21856,OK,284.7017591,124.7440578,0,0,1,0
920,"Sheboygan, WI Metro Area",Sheboygan,55,0,0,48531,24074,WI,199.1405315,92.18685762,0,1,0,0
921,"Shelby, NC Micro Area",Shelby,37,0,1,20053,23804,NC,80.43525886,180.4069046,0,0,1,0
922,"Shelbyville, TN Micro Area",Shelbyville,47,0,1,21319,18766,TN,505.8194348,60.06784349,0,0,1,0
923,"Shelton, WA Micro Area",Shelton,53,0,0,9996,18907,WA,1571.299413,30.59581522,0,0,0,1
924,"Sheridan, WY Micro Area",Sheridan,56,1,0,17825,31635,WY,442.0356753,514.5341744,0,0,0,1
925,"Sherman-Denison, TX Metro Area",Sherman,48,1,1,41149,25233,TX,600.2478663,529.9943617,0,0,1,0
927,"Show Low, AZ Micro Area",Show Low,4,1,1,11014,23853,AZ,666.8321421,241.8930029,0,0,0,1
928,"Shreveport-Bossier City, LA Metro Area",Shreveport,22,2,2,193785,26184,LA,123.1718381,346.8248414,0,0,1,0
930,"Sidney, OH Micro Area",Sidney,39,0,1,20639,27007,OH,94.30817305,101.0571291,0,1,0,0
931,"Sierra Vista-Douglas, AZ Metro Area",Sierra Vista,4,1,1,43550,29619,AZ,761.0665995,155.556383,0,0,0,1
933,"Sikeston, MO Micro Area",Sikeston,29,0,1,16366,23534,MO,538.7050725,205.3770851,0,1,0,0
934,"Silver City, NM Micro Area",Silver City,35,0,0,9783,22167,NM,690.9950793,510.9429943,0,0,0,1
935,"Sioux City, IA-NE-SD Metro Area",Sioux City,19,1,1,82486,26151,IA,602.4740899,142.869364,0,1,0,0
936,"Sioux Falls, SD Metro Area",Sioux Falls,46,1,1,174151,31802,SD,636.9102027,262.1245955,0,1,0,0
937,"Snyder, TX Micro Area",Snyder,48,0,0,11456,25240,TX,535.0051033,591.7332283,0,0,1,0
938,"Somerset, KY Micro Area",Somerset,21,0,1,11376,18463,KY,363.522295,164.3973151,0,0,1,0
939,"Somerset, PA Micro Area",Somerset,42,0,1,5977,29531,PA,5718.746865,5396.531358,1,0,0,0
940,"Sonora, CA Micro Area",Sonora,6,0,1,4822,30099,CA,546.1848453,147.9235012,0,0,0,1
941,"South Bend-Mishawaka, IN-MI Metro Area",South Bend,18,1,1,102233,24028,IN,13867.94839,13491.72057,0,1,0,0
943,"Spartanburg, SC Metro Area",Spartanburg,45,2,2,37370,25158,SC,132.4829894,230.6613568,0,0,1,0
944,"Spearfish, SD Micro Area",Spearfish,46,0,0,11393,31801,SD,380.4379204,466.3120415,0,1,0,0
945,"Spencer, IA Micro Area",Spencer,19,0,0,11092,27117,IA,504.9161511,219.1516926,0,1,0,0
946,"Spirit Lake, IA Micro Area",Spirit Lake,19,0,0,5021,34825,IA,507.3703353,233.2756093,0,1,0,0
947,"Spokane-Spokane Valley, WA Metro Area",Spokane Valley,53,1,2,214804,28274,WA,1235.472376,424.8258245,0,0,0,1
949,"Springfield, IL Metro Area",Springfield,17,0,2,116459,33651,IL,234.8606566,137.2864605,0,1,0,0
950,"Springfield, MA Metro Area",Springfield,25,0,0,154596,20544,MA,344.8398323,28.12408873,1,0,0,0
951,"Springfield, MO Metro Area",Springfield,29,1,2,166633,22288,MO,480.562431,268.5619345,0,1,0,0
952,"Springfield, OH Metro Area",Springfield,39,1,1,59305,20933,OH,124.8817719,61.50576455,0,1,0,0
953,"St. Cloud, MN Metro Area",St. Cloud,27,0,0,67513,26068,MN,547.0483369,107.5733829,0,1,0,0
954,"St. George, UT Metro Area",St. George,49,0,0,82194,26375,UT,495.1951789,170.1502838,0,0,0,1
955,"St. Joseph, MO-KS Metro Area",St. Joseph,29,0,0,76465,24687,MO,557.8198525,114.0151671,0,1,0,0
956,"St. Louis, MO-IL Metro Area",St. Louis,29,0,0,311273,28478,MO,371.2041171,0.0,0,1,0,0
957,"St. Marys, GA Micro Area",St. Marys,13,0,0,17921,28633,GA,217.0429461,160.7296,0,0,1,0
958,"St. Marys, PA Micro Area",St. Marys,42,0,0,12535,31297,PA,209.8757706,78.85762911,1,0,0,0
959,"Starkville, MS Micro Area",Starkville,28,0,1,25122,23301,MS,523.1014387,187.7516029,0,0,1,0
960,"State College, PA Metro Area",State College,42,1,1,42256,19087,PA,5721.140054,5399.059141,1,0,0,0
961,"Statesboro, GA Micro Area",Statesboro,13,0,1,31001,13869,GA,228.8390655,67.24249197,0,0,1,0
962,"Staunton-Waynesboro, VA Metro Area",Waynesboro,51,1,1,24452,28836,VA,231.027427,203.4934811,0,0,1,0
964,"Steamboat Springs, CO Micro Area",Steamboat Springs,8,0,0,12777,42792,CO,184.6482563,152.0547827,0,0,0,1
965,"Stephenville, TX Micro Area",Stephenville,48,0,0,20396,22699,TX,300.1463713,385.0136485,0,0,1,0
966,"Sterling, CO Micro Area",Sterling,8,1,0,13775,22140,CO,561.6378456,584.7363471,0,0,0,1
967,"Sterling, IL Micro Area",Sterling,17,0,0,14810,25700,IL,561.6378456,584.7363471,0,1,0,0
968,"Stevens Point, WI Micro Area",Stevens Point,55,0,0,26402,24319,WI,253.1507471,199.695806,0,1,0,0
969,"Stillwater, OK Micro Area",Stillwater,40,0,1,49527,21917,OK,366.062312,96.02145156,0,0,1,0
970,"Stockton-Lodi, CA Metro Area",Stockton,6,2,2,306283,26864,CA,604.6644028,202.8697609,0,0,0,1
972,"Storm Lake, IA Micro Area",Storm Lake,19,0,0,10672,21493,IA,503.7884042,165.752478,0,1,0,0
973,"Sturgis, MI Micro Area",Sturgis,26,0,0,10855,19354,MI,170.1355323,185.2020473,0,1,0,0
974,"Sulphur Springs, TX Micro Area",Sulphur Springs,48,0,1,15948,23038,TX,35.67044412,336.6315476,0,0,1,0
975,"Summerville, GA Micro Area",Summerville,13,0,0,4339,15241,GA,431.3791414,108.756594,0,0,1,0
976,"Sumter, SC Metro Area",Sumter,45,0,1,39964,23316,SC,212.5325015,194.2852711,0,0,1,0
977,"Sunbury, PA Micro Area",Sunbury,42,0,0,9581,20766,PA,48.73239246,169.1426604,1,0,0,0
978,"Susanville, CA Micro Area",Susanville,6,0,0,15216,13537,CA,796.4832406,415.1020169,0,0,0,1
979,"Sweetwater, TX Micro Area",Sweetwater,48,0,0,10701,21729,TX,491.6964848,566.7921949,0,0,1,0
980,"Syracuse, NY Metro Area",Syracuse,36,0,1,143293,21985,NY,262.0199202,71.55517802,1,0,0,0
981,"Tahlequah, OK Micro Area",Tahlequah,40,0,1,16592,19472,OK,303.7656169,95.9701591,0,0,1,0
982,"Talladega-Sylacauga, AL Micro Area",Talladega,1,1,0,15609,20820,AL,393.3766246,63.43841989,0,0,1,0
984,"Tallahassee, FL Metro Area",Tallahassee,12,2,2,190180,26787,FL,105.5892999,266.4009221,0,0,1,0
985,"Tampa-St. Petersburg-Clearwater, FL Metro Area",Tampa,12,7,5,376345,34570,FL,141.4975901,342.5087285,0,0,1,0
988,"Taos, NM Micro Area",Taos,35,0,0,6021,23340,NM,529.0255976,443.5982514,0,0,0,1
989,"Taylorville, IL Micro Area",Taylorville,17,0,0,10964,24805,IL,246.6074023,128.8349422,0,1,0,0
990,"Terre Haute, IN Metro Area",Terre Haute,18,0,0,60691,20246,IN,6471.546415,6140.863971,0,1,0,0
991,"Texarkana, TX-AR Metro Area",Texarkana,48,1,1,37277,26730,TX,113.0400535,351.5218045,0,0,1,0
993,"The Dalles, OR Micro Area",The Dalles,41,1,0,15320,24254,OR,1354.938042,116.6811101,0,0,0,1
994,"The Villages, FL Metro Area",The Villages,12,0,0,77609,43460,FL,12.72617297,304.7521051,0,0,1,0
995,"Thomaston, GA Micro Area",Thomaston,13,1,0,8802,18669,GA,215.5116538,35.94749301,0,0,1,0
996,"Thomasville, GA Micro Area",Thomasville,13,0,1,18546,22504,GA,73.62765752,33.54461739,0,0,1,0
997,"Tiffin, OH Micro Area",Tiffin,39,0,1,17599,21229,OH,40.52372193,137.1105955,0,1,0,0
998,"Tifton, GA Micro Area",Tifton,13,0,1,16603,19062,GA,72.14484661,226.1427958,0,0,1,0
999,"Toccoa, GA Micro Area",Toccoa,13,1,0,8274,18808,GA,259.7969955,103.2952506,0,0,1,0
1000,"Toledo, OH Metro Area",Toledo,39,3,3,278193,21949,OH,68.56700798,93.40946754,0,1,0,0
1001,"Topeka, KS Metro Area",Topeka,20,1,1,126877,27145,KS,651.9566868,7.757856075,0,1,0,0
1002,"Torrington, CT Micro Area",Torrington,9,0,1,34737,31789,CT,291.732237,46.21000804,1,0,0,0
1003,"Traverse City, MI Micro Area",Traverse City,26,1,1,15474,36550,MI,394.3162313,286.1881593,0,1,0,0
1004,"Trenton, NJ Metro Area",Trenton,34,0,0,83734,18473,NJ,139.1839889,39.80666253,1,0,0,0
1005,"Troy, AL Micro Area",Troy,1,0,1,19141,21022,AL,8133.770663,7810.060768,0,0,1,0
1006,"Truckee-Grass Valley, CA Micro Area",Truckee,6,0,0,16377,46295,CA,694.0492581,297.2433564,0,0,0,1
1008,"Tucson, AZ Metro Area",Tucson,4,5,1,539216,22645,AZ,609.3581096,0.0,0,0,0,1
1009,"Tullahoma-Manchester, TN Micro Area",Tullahoma,47,1,1,19669,26347,TN,484.6317796,79.97364087,0,0,1,0
1011,"Tulsa, OK Metro Area",Tulsa,40,4,3,402223,29764,OK,337.0168571,0.0,0,0,1,0
1012,"Tupelo, MS Micro Area",Tupelo,28,0,1,38270,26941,MS,574.3620579,207.8423882,0,0,1,0
1013,"Tuscaloosa, AL Metro Area",Tuscaloosa,1,1,1,98881,25364,AL,483.2943327,70.12265302,0,0,1,0
1014,"Twin Falls, ID Metro Area",Twin Falls,16,1,1,48225,23857,ID,815.6228325,313.9036753,0,0,0,1
1015,"Tyler, TX Metro Area",Tyler,48,1,1,103721,27460,TX,92.76076671,287.4823711,0,0,1,0
1016,"Ukiah, CA Micro Area",Ukiah,6,1,0,15946,25857,CA,800.8336062,402.5849753,0,0,0,1
1017,"Union City, TN-KY Micro Area",Union City,47,0,1,10478,20218,TN,580.2521655,227.1050429,0,0,1,0
1018,"Urbana, OH Micro Area",Urbana,39,0,0,11434,21818,OH,103.9647664,61.6983424,0,1,0,0
1019,"Utica-Rome, NY Metro Area",Utica,36,0,1,60675,26151,NY,288.0116062,18.97003938,1,0,0,0
1021,"Uvalde, TX Micro Area",Uvalde,48,0,0,16277,18324,TX,610.9503496,430.0589697,0,0,1,0
1022,"Valdosta, GA Metro Area",Valdosta,13,1,1,56074,22643,GA,0.0,263.8544572,0,0,1,0
1023,"Vallejo-Fairfield, CA Metro Area",Vallejo,6,1,1,120977,33449,CA,659.8851856,266.0876073,0,0,0,1
1025,"Valley, AL Micro Area",Valley,1,0,0,9305,23362,AL,842.878532,438.7262785,0,0,1,0
1026,"Van Wert, OH Micro Area",Van Wert,39,0,0,11077,22622,OH,80.40925936,166.4283301,0,1,0,0
1027,"Vermillion, SD Micro Area",Vermillion,46,0,0,10700,23664,SD,646.0128323,187.7913329,0,1,0,0
1028,"Vernal, UT Micro Area",Vernal,49,0,1,10653,21516,UT,404.4826414,198.1334806,0,0,0,1
1029,"Vernon, TX Micro Area",Vernon,48,0,0,10685,22526,TX,391.7623221,373.4398409,0,0,1,0
1030,"Vicksburg, MS Micro Area",Vicksburg,28,1,0,22706,19911,MS,298.9060102,275.0881106,0,0,1,0
1031,"Victoria, TX Metro Area",Victoria,48,1,1,66939,27631,TX,419.4464297,188.8864705,0,0,1,0
1032,"Vidalia, GA Micro Area",Vidalia,13,0,1,10473,27281,GA,174.1587442,126.5472025,0,0,1,0
1033,"Vincennes, IN Micro Area",Vincennes,18,0,1,17607,20190,IN,6013.213025,5687.558511,0,1,0,0
1034,"Vineland-Bridgeton, NJ Metro Area",Vineland,34,1,0,60357,25800,NJ,170.3132868,58.98552822,1,0,0,0
1036,"Virginia Beach-Norfolk-Newport News, VA-NC Metro Area",Virginia Beach,51,3,2,450135,36268,VA,5784.845222,5465.583924,0,0,1,0
1039,"Visalia-Porterville, CA Metro Area",Visalia,6,1,1,131066,26458,CA,339.5678459,101.7055954,0,0,0,1
1041,"Wabash, IN Micro Area",Wabash,18,0,0,10184,24549,IN,185.1345811,224.4611807,0,1,0,0
1042,"Waco, TX Metro Area",Waco,48,2,1,133964,21412,TX,256.2937253,261.6603608,0,0,1,0
1043,"Wahpeton, ND-MN Micro Area",Wahpeton,38,0,0,7792,26409,ND,745.7969427,310.1767251,0,1,0,0
1044,"Walla Walla, WA Metro Area",Walla Walla,53,0,0,32731,23908,WA,1218.876056,342.4222754,0,0,0,1
1045,"Wapakoneta, OH Micro Area",Wapakoneta,39,0,1,9732,25956,OH,69.75873079,120.761124,0,1,0,0
1046,"Warner Robins, GA Metro Area",Warner Robins,13,1,1,74762,26098,GA,200.6138817,172.5165739,0,0,1,0
1047,"Warren, PA Micro Area",Warren,42,0,1,9250,26654,PA,273.4031656,13.6426872,1,0,0,0
1048,"Warrensburg, MO Micro Area",Warrensburg,29,0,1,20025,21759,MO,553.8305281,177.8442399,0,1,0,0
1049,"Warsaw, IN Micro Area",Warsaw,18,0,1,15062,26897,IN,7006.474358,6699.188086,0,1,0,0
1050,"Washington Court House, OH Micro Area",Washington Court House,39,1,0,14135,23391,OH,168.0715209,48.45895109,0,1,0,0
1051,"Washington, IN Micro Area",Washington,18,0,0,12069,20902,IN,1282.603551,284.649277,0,1,0,0
1052,"Washington, NC Micro Area",Washington,37,0,1,9649,21072,NC,105.9846782,286.8059519,0,0,1,0
1053,"Washington-Arlington-Alexandria, DC-VA-MD-WV Metro Area",Washington,51,3,1,684498,69051,VA,9025.340266,8695.56685,0,0,1,0
1056,"Waterloo-Cedar Falls, IA Metro Area",Waterloo,19,1,1,68134,32546,IA,277.3620814,82.14836003,0,1,0,0
1058,"Watertown, SD Micro Area",Watertown,46,0,0,22124,29230,SD,710.1529837,316.9067191,0,1,0,0
1059,"Watertown-Fort Atkinson, WI Micro Area",Watertown,55,0,0,23677,28000,WI,106.8575401,50.25112109,0,1,0,0
1061,"Watertown-Fort Drum, NY Metro Area",Watertown,36,1,1,26057,23146,NY,365.9482158,109.3261827,1,0,0,0
1062,"Wauchula, FL Micro Area",Wauchula,12,0,0,4857,21983,FL,91.59719797,241.5157898,0,0,1,0
1063,"Wausau, WI Metro Area",Wausau,55,0,0,38801,28217,WI,301.7864858,243.7730448,0,1,0,0
1064,"Waycross, GA Micro Area",Waycross,13,0,1,13836,18824,GA,97.84824302,169.5016603,0,0,1,0
1065,"Weatherford, OK Micro Area",Weatherford,40,0,0,11973,23098,OK,412.5352334,254.996634,0,0,1,0
1066,"Weirton-Steubenville, WV-OH Metro Area",Weirton,54,0,1,18894,26934,WV,267.6374952,214.7991259,0,1,1,0
1068,"Wenatchee, WA Metro Area",Wenatchee,53,1,1,34094,28580,WA,1416.325423,194.1787183,0,0,0,1
1069,"West Plains, MO Micro Area",West Plains,29,0,0,12222,22491,MO,499.1679473,256.5828584,0,1,0,0
1070,"West Point, MS Micro Area",West Point,28,0,0,10794,21245,MS,544.5226927,175.2533396,0,0,1,0
1071,"Wheeling, WV-OH Metro Area",Wheeling,54,0,1,27190,28915,WV,270.8124016,203.6436422,0,0,1,0
1072,"Whitewater-Elkhorn, WI Micro Area",Whitewater,55,0,0,14766,26605,WI,69.26747319,45.52200476,0,1,0,0
1074,"Wichita Falls, TX Metro Area",Wichita Falls,48,1,1,104494,23328,TX,314.3028178,337.5002872,0,0,1,0
1075,"Wichita, KS Metro Area",Wichita,20,2,3,389563,27723,KS,535.6219017,202.2524834,0,1,0,0
1076,"Williamsport, PA Metro Area",Williamsport,42,0,0,28757,22805,PA,87.95109989,198.3143056,1,0,0,0
1077,"Williston, ND Micro Area",Williston,38,0,0,26102,43945,ND,784.3585402,869.7866984,0,1,0,0
1078,"Willmar, MN Micro Area",Willmar,27,1,0,19618,23744,MN,574.5120713,154.2059881,0,1,0,0
1079,"Wilmington, NC Metro Area",Wilmington,37,2,3,118094,30923,NC,249.363859,265.1638021,0,0,1,0
1080,"Wilmington, OH Micro Area",Wilmington,39,0,1,12403,24694,OH,177.8710013,79.5532536,0,1,0,0
1081,"Wilson, NC Micro Area",Wilson,37,0,0,49230,24075,NC,87.10919331,173.8312615,0,0,1,0
1082,"Winchester, VA-WV Metro Area",Winchester,51,1,2,27789,29727,VA,442.2639368,291.5755214,0,0,1,0
1083,"Winnemucca, NV Micro Area",Winnemucca,32,0,0,7798,33189,NV,799.2266692,498.2206244,0,0,0,1
1084,"Winona, MN Micro Area",Winona,27,0,0,26981,25838,MN,287.9604131,152.3287761,0,1,0,0
1085,"Wisconsin Rapids-Marshfield, WI Micro Area",Wisconsin Rapids,55,1,0,18305,34390,WI,280.2694264,233.8506398,0,1,0,0
1087,"Woodward, OK Micro Area",Woodward,40,0,0,12601,25918,OK,524.5831897,306.7236059,0,0,1,0
1088,"Wooster, OH Micro Area",Wooster,39,0,1,26778,26864,OH,146.6065787,141.2822286,0,1,0,0
1089,"Worcester, MA-CT Metro Area",Worcester,25,1,1,185195,26919,MA,411.354862,78.55875119,1,0,0,0
1090,"Worthington, MN Micro Area",Worthington,27,0,0,13148,21691,MN,551.2080194,247.9154158,0,1,0,0
1091,"Yakima, WA Metro Area",Yakima,53,1,1,93416,23013,WA,1396.267436,181.5029725,0,0,0,1
1092,"Yankton, SD Micro Area",Yankton,46,0,0,14577,30353,SD,644.0959091,215.977708,0,1,0,0
1093,"York-Hanover, PA Metro Area",York,42,1,1,44044,28024,PA,116.707268,84.51185148,1,0,0,0
1095,"Youngstown-Warren-Boardman, OH-PA Metro Area",Youngstown,42,0,1,64734,26654,PA,5282.46025,4959.536947,1,1,0,0
1099,"Yuba City, CA Metro Area",Yuba City,6,1,1,66388,25088,CA,712.6665552,311.363426,0,0,0,1
1100,"Yuma, AZ Metro Area",Yuma,4,1,1,95573,23228,AZ,284.9342272,332.8501291,0,0,0,1
1101,"Zanesville, OH Micro Area",Zanesville,39,1,1,25376,19176,OH,184.9644129,92.55634512,0,1,0,0
